{
  "program": [{
        "Program Name": "Post Cardiac Surgery Monitoring",
        "Total Devices": 50,
        "Devices Issued": 20,
        "Target": 30
    },
    {
        "Program Name": "Post Maternity Monitoring",
        "Total Devices": 60,
        "Devices Issued": 25,
        "Target": 30
    },
    {
        "Program Name": "Post Endocrine Surgery Monitoring",
        "Total Devices": 35,
        "Devices Issued": 35,
        "Target": 20
    },
    {
        "Program Name": "Post Gynecological Surgery Monitoring",
        "Total Devices": 22,
        "Devices Issued": 20,
        "Target": 20
    },
    {
        "Program Name": "Post Neuro Surgery Monitoring",
       "Total Devices": 77,
        "Devices Issued": 44,
        "Target": 30
    },
    {
        "Program Name": "Post Orthopedic Surgery Monitoring}",
        "Total Devices": 50,
        "Devices Issued": 10,
        "Target": 10
    },
    {
        "Program Name": "Post opthalmological Surgery Monitoring",
        "Total Devices": 35,
        "Devices Issued": 35,
        "Target": 20
    },
    {
        "Program Name": "Post Pediatric Surgery Monitoring",
        "Total Devices": 35,
        "Devices Issued": 35,
        "Target": 20
    },
    {
        "Program Name": "Post Thoracic Surgery Monotoring",
        "Total Devices": 33,
        "Devices Issued": 32,
        "Target": 30
    },
    {
        "Program Name": "Post Trauma Surgery Monitoring",
        "Total Devices": 10,
        "Devices Issued": 10,
        "Target": 10
   },

	{
		"Program Name": "Post Vascular Surgery Monitoring",
        "Total Devices": 15,
        "Devices Issued": 12,
        "Target": 8
		
	},
	{
		"Program Name": "Post Neck Surgery Monitoring",
        "Total Devices": 45,
        "Devices Issued": 32,
        "Target": 30
		
	},
	{
		"Program Name": "Alzeimer Patient Monitoring",
        "Total Devices": 15,
        "Devices Issued": 12,
        "Target": 8
	
    }]
}
