{
  "program": [{
        "Month": "January",
        "Patients Enrolled": 50,
        "Devices Issued": 20,
        "Usage": 30
    },
    {
        "Month": "Febuary",
        "Patients Enrolled": 100,
        "Devices Issued": 70,
        " Usage": 70
    },
    {
        "Month": "March",
        "Patients Enrolled": 66,
        "Devices Issued": 22,
        "Usage": 66
    },
    {
        "Month": "April",
        "Patients Enrolled": 79,
        "Devices Issued": 58,
        "Usage": 50
    },
    {
        "Month": "May",
        "Patients Enrolled": 103,
        "Devices Issued": 50,
        "Usage": 50
    },
    {
        "Month": "June",
        "Patients Enrolled": 50,
        "Devices Issued": 20,
        "Usage": 30
		},
		{
        "Month": "July",
        "Patients Enrolled": 103,
        "Devices Issued": 50,
        "Usage": 50
    },
	{
        "Month": "August",
        "Patients Enrolled": 103,
        "Devices Issued": 50,
        "Usage": 50
    },
	{
        "Month": "September",
        "Patients Enrolled": 103,
        "Devices Issued": 50,
        "Usage": 50
    },
	{
        "Month": "October",
        "Patients Enrolled": 103,
        "Devices Issued": 50,
        "Usage": 50
    },
	{
        "Month": "November",
        "Patients Enrolled": 103,
        "Devices Issued": 50,
        "Usage": 50
    },
	{
        "Month": "December",
        "Patients Enrolled": 103,
        "Devices Issued": 50,
        "Usage": 50
    
		
    }]
}