{
  "program": [
     {
        "time": "11:01:05",
        "value": 70,
        "cardiacrange": 165
      },
      {
        "time": "11:05:08",
        "value": 74,
        "cardiacrange": 165
      },
      {
        "time": "11:10:10",
        "value": 70,
        "cardiacrange": 165
      },
      {
        "time": "11:15:13",
        "value": 86,
        "cardiacrange": 165
      },
      {
        "time": "11:20:16",
        "value": 70,
        "cardiacrange": 165
      },
      {
        "time": "11:30:19",
        "value": 70,
        "cardiacrange": 165
      },
      {
        "time": "11:38:22",
        "value": 74,
        "cardiacrange": 165
      },
      {
        "time": "11:45:23",
        "value": 86,
        "cardiacrange": 165
      },
      {
        "time": "11:50:24",
        "value": 94,
        "cardiacrange": 165
      },
      {
        "time": "11:55:25",
        "value": 94,
        "cardiacrange": 165
      },
      {
        "time": "12:08:28",
        "value": 94,
        "cardiacrange": 165
      },
      {
        "time": "12:18:31",
        "value": 94,
        "cardiacrange": 165
      },
      {
        "time": "12:32:34",
        "value": 94,
        "cardiacrange": 165
      },
      {
        "time": "12:38:37",
        "value": 94,
        "cardiacrange": 165
      },
      {
        "time": "12:45:38",
        "value": 60,
        "cardiacrange": 165
      },
      {
        "time": "12:55:39",
        "value": 59,
        "cardiacrange": 165
      },
      {
        "time": "01:05:40",
        "value": 58,
        "cardiacrange": 165
      },
      {
        "time": "01:16:42",
        "value": 58,
        "cardiacrange": 165
      },
      {
        "time": "01:25:45",
        "value": 58,
        "cardiacrange": 165
      },
      {
        "time": "01:38:48",
        "value": 58,
        "cardiacrange": 165
      },
      {
        "time": "01:45:50",
        "value": 59,
        "cardiacrange": 165
      },
      {
        "time": "01:50:51",
        "value": 59,
        "cardiacrange": 165
      },
      {
        "time": "02:00:53",
        "value": 60,
        "cardiacrange": 165
      },
      {
        "time": "02:15:56",
        "value": 60,
        "cardiacrange": 165
      },
      {
        "time": "02:28:59",
        "value": 60,
        "cardiacrange": 165
      },
      {
        "time": "02:35:02",
        "value": 59,
        "cardiacrange": 165
      },
      {
        "time": "02:45:05",
        "value": 59,
        "cardiacrange": 165
      }]
	  }