{
  "program": [{
        "Program Name": "Post Cardiac Surgery Monitoring",
        "Total Devices": 50,
        "Devices Issued": 20,
        "Target": 30
    },
    {
        "Program Name": "Post Maternity Monitoring",
        "Total Devices": 60,
        "Devices Issued": 25,
        "Target": 30
    },
    {
        "Program Name": "Post Endocrine Surgery Monitoring",
        "Total Devices": 35,
        "Devices Issued": 35,
        "Target": 20
    },
    {
        "Program Name": "Post Gynecological Surgery Monitoring",
        "Total Devices": 22,
        "Devices Issued": 20,
        "Target": 20
    },
    {
        "Program Name": "Post Neuro Surgery Monitoring",
       "Total Devices": 77,
        "Devices Issued": 44,
        "Target": 30
    }]
	}