{
  "program": [{
        "Year": "2016",
        "Patients Enrolled": 50,
        "Devices Issued": 20,
        "Usage": 30
    },
    {
        "Year": "2015",
        "Patients Enrolled": 100,
        "Devices Issued": 70,
        " Usage": 70
    },
    {
        "Year": "2014",
        "Patients Enrolled": 66,
        "Devices Issued": 22,
        "Usage": 66
    },
    {
        "Year": "2013",
        "Patients Enrolled": 79,
        "Devices Issued": 58,
        "Usage": 50
    },
    {
        "Year": "2012",
        "Patients Enrolled": 103,
        "Devices Issued": 50,
        "Usage": 50
    },
    {
        "Year": "2011",
        "Patients Enrolled": 50,
        "Devices Issued": 20,
        "Usage": 30
    }]
}