{
  "notifyList": [{
        "Notification_Id":"1",
		"Device_id":"2332",
		"SOS":"Send Ambulance:SOS message from device 1.",
		"Status":"Ambulance",
		"Location":"#218, Krishna Arcade, Near Sharda colony bus stand, Basaveshwarnagar, Bangalore-560079",
		"Creation_timestamp":"1 min",
		"Severity":"High",
		"Note":"",
		"Action_taken":"",
		"image":"img/patient1.PNG"
    },
	{
        "id":"2",
		"SOS":"Call Patient:SOS message from device 4.",
		"STATUS":"call",
		"PATIENT_LOCATION":"#219, Krishna Arcade, Near Sharda colony bus stand, Basaveshwarnagar, Bangalore-560079",
		"Creation_timestamp":"1 min",
		"SEVERITY":"Medium",
		"NOTE":"",
		"image":"img/Patient3.PNG"
    },
	{
        "id":"3",
		"SOS":"Send SMS : SOS message from device 7.",
		"STATUS":"message",
		"PATIENT_LOCATION":"#219, Krishna Arcade, Near Sharda colony bus stand, Basaveshwarnagar, Bangalore-560079",
		"Creation_timestamp":"1 min",
		"SEVERITY":"Low",
		"NOTE":"",
		"image":"img/patient2.PNG"
    }]
 }