[
    {

		"image":"img/patient1.PNG",
        "Patient_Id":"123",
        "Name": "Nirmala Sheshadri",
        "Age": "55",
        "Contact_Number": "+919538108545",
        "Emergency_Contact_1": "+919008084331",
        "Emergency_Contact_2": "+919962145015",
		"Address":"#218, Krishna Arcade, Near Sharda colony bus stand, Basaveshwarnagar, Bangalore-560079",
		"Doctor_Id":"123",
		"Doctorname":"Narashima Shetty",
		"Doctor Ph No":"+919538108545",
		"BP":"120 mm Hg systolic pressure and 80 mm Hg diastolic pressure",
		"BP_current":"140 mm Hg systolic pressure and 100 mm Hg diastolic pressure",
		"temp":"98.6°F",
		"temp current":"110.6°F",
		"HeartRate":"60beats/min",
		"HR current":"35beats/min"
		
      }
]