<core:View controllerName="beacons.Beacons" xmlns:core="sap.ui.core" xmlns:html="http://www.w3.org/1999/xhtml"
	xmlns:mvc="sap.ui.core.mvc" xmlns:sap.ui.layout.form="sap.ui.layout.form" xmlns="sap.m">
	<Page title="Beacon Customizing">
		<content>
			<sap.ui.layout.form:SimpleForm editable="false" id="__form1" layout="ResponsiveGridLayout">
				<sap.ui.layout.form:content>
					<core:Title id="__title1" text="Add New Beacon"/>
					<Label id="__label11" text="Beacon Id"/>
					<Input id="__input0" width="100%" value="{Beacon>/beaconId}"/>
					<Label id="__label12" text="Location Map"/>
					<Input id="__input2" width="100%" value="{Beacon>/locName}"/>
					<Label id="__label13" text="X Coordinate"/>
					<Input id="__input3" width="100%" value="{Beacon>/xcord}"/>
					<Label id="__label14" text="Y Coordinate"/>
					<Input id="__input4" width="100%" value="{Beacon>/ycord}"/>
					<Label id="__label15" text="Extra 1"/>
					<Input id="__input5" width="100%" value="{Beacon>/extra1}"/>
					<Label id="__label16" text="Extra 2"/>
					<Input id="__input6" width="100%" value="{Beacon>/extra2}"/>
					<Label id="__label17" text="Extra 3"/>
					<Input id="__input7" width="100%" value="{Beacon>/extra3}"/>
					<Label id="__label18" text="Extra 4"/>
					<Input id="__input8" width="100%" value="{Beacon>/extra4}"/>
					<Label id="__label19" text=""/>
					<Button activeIcon="" icon="sap-icon://save" id="__button5" press="onBeaconInsert" text="Save"/>
				    <Button activeIcon="" icon="sap-icon://save" id="__button6" press="onBeaconCancel" text="Cancel"/>
				</sap.ui.layout.form:content>
			</sap.ui.layout.form:SimpleForm>
			</content>
	</Page>
</core:View>