<mvc:View
	xmlns:mvc="sap.ui.core.mvc"
	xmlns:custom="http://schemas.sap.com/sapui5/extension/sap.ui.core.CustomData/1"
	controllerName="beacons.Beacons"
	xmlns:l="sap.ui.layout"
	xmlns:c="sap.ui.core"
	xmlns="sap.m"
	xmlns:m="sap.m"
	xmlns:u="sap.ui.unified"
	xmlns:t="sap.ui.table"
	xmlns:table="sap.ui.table"
	>
	
	
	
<Page title="Code Blue" showHeader="true" enableScrolling="true"
		class="sapUiContentPadding">
		<customHeader>
			<Bar>
				<contentLeft>
					<Image src="img/SAP.jpg"></Image>
				</contentLeft>
				<contentMiddle>
					<Image src="img/cblue.jpg" class="codebluelogo"></Image>
				</contentMiddle>
				<!--contentRight>
					<Button icon="sap-icon://home" id="btnHome" press="onBtnHome"
						text="Home" />
				</contentRight>-->
			</Bar>
		</customHeader>
		<App>
          <!--  <c:customHeader>
                  <Bar>
                        <contentLeft>
                              <Image src="img/SAP.jpg"></Image>
                        </contentLeft>
                        <contentMiddle>
                              <Label id="titleText" class="headingText" text="Code Blue"
                                    design="Bold" />
                        </contentMiddle>
                        <contentRight>
                              <Button icon="sap-icon://home" id="btnHome" press="onBtnHome"
                                    text="Home" />
                        </contentRight>
                  </Bar>
            </c:customHeader>-->
            
            <Page title="Indoor Navigation System Configuration" showHeader="true">
				<content>
				<HBox>
				        <Label text="Indoor navigation System" />
				</HBox>
				
					<!--<RadioButton id="r1" groupName="GroupA" text = "Mobile Application Configuration" selected = "true"/>
					<RadioButton id="r2" groupName="GroupA" text = "Hospital Map Configuration" />-->
					<Panel expandable="true" expanded="false" class="sapUiResponsiveMargin" headerText="Hospital Map Configuration">
					    <SplitApp id="SplitAppDemo" initialDetail="detail" initialMaster="master" orientationChange="onOrientationChange">
					        <detailPages>
					            <Page id="detail" title="Map View" class="sapUiStdPage">
				                    <content>
                                    
                                         <l:VerticalLayout  class="sapUiContentPadding" width="100%">
                                         
		                                      <l:content>
		                                      <HBox>
		                                           
		                                           <c:Icon src="sap-icon://checklist-2"></c:Icon>
		                                         
		                                           <m:ComboBox text="hello" xmlns="sap.m" >
		                                               <m:items>
		                                                   <c:Item text = "Floor 1"></c:Item>
		                                                   <c:Item text = "Floor 2"></c:Item>
		                                                   <c:Item text = "Floor 3"></c:Item>
		                                               </m:items>
		                                           </m:ComboBox>
		                                           
		                                           <m:ComboBox >
		                                               <m:items>
		                                                   <c:Item text = "General ward"></c:Item>
		                                                   <c:Item text = "X-ray"></c:Item>
		                                                   <c:Item text = "Medicines"></c:Item>
		                                               </m:items>
		                                           </m:ComboBox>
		                                            
		                                           <Button type="Emphasized" text="Create New"></Button>
		                                      </HBox>     
			                                       <HBox><Image src="img/Hospital.png"></Image></HBox>
		                                      </l:content>
	                                    </l:VerticalLayout> 
                                    
	                                </content>
			                    </Page>
			                    <Page id="detail2" title="List of Beacons" class="sapUiStdPage" showNavButton="true" navButtonText="Back" navButtonPress="onPressDetailBack">
				                    <content>
				                    <VBox>
			                           <!-- <HBox><Label text="Place your image here" /></HBox>-->
			                            	<Table id="__table0" items="{/AreaMap}" noDataText="No Data">
						<items>
							<ColumnListItem counter="0" id="__item1">
								<cells>
									<Text maxLines="0" text="{id}" />
									<Text text="{beaconId}" wrapping="Soft"/>
									<TextArea value="{locName}" wrapping="Soft"  />
									<TextArea value="{xcord}" wrapping="Soft" />
									<TextArea value="{ycord}" wrapping="Soft" />
									<TextArea value="{extra1}" wrapping="Soft"  />
									<TextArea value="{extra2}" wrapping="Soft"  />
									<TextArea value="{extra3}" wrapping="Soft"  />
									<TextArea value="{extra4}" wrapping="Soft"  />
									<Button activeIcon="" icon="sap-icon://save" id="__button3" press="onBeaconUpdate" text="Update"/>
									<Button activeIcon="" icon="sap-icon://delete" id="__button4" press="onBeaconDelete"/>
								</cells>
							</ColumnListItem>
						</items>
						<columns>
							<Column>
								<header>
									<Label text="Internal Id"/>
								</header>
							</Column>
							<Column>
								<header>
									<Label text="Beacon Id"/>
								</header>
							</Column>
							<Column>
								<header>
									<Label text="Location"/>
								</header>
							</Column>
							<Column>
								<header>
									<Label text="X Coordinate"/>
								</header>
							</Column>
							<Column>
								<header>
									<Label text="Y Coordinate"/>
								</header>
							</Column>
							<Column>
								<header>
									<Label text="Extra 1"/>
								</header>
							</Column>
							<Column>
								<header>
									<Label text="Extra 2"/>
								</header>
							</Column>
							<Column>
								<header>
									<Label text="Extra 3"/>
								</header>
							</Column>
							<Column>
								<header>
									<Label text="Extra 4"/>
								</header>
							</Column>
							<Column>
								<header>
									<Label text="Update"/>
								</header>
							</Column>
							<Column>
								<header>
									<Label text="Delete"/>
								</header>
							</Column>
						</columns>
					</Table>
	                                   
		                                      <HBox>
			                                    <Button activeIcon="" icon="sap-icon://add" id="__button5" press="onAdd" text="Add new Beacon"/>
									            
		                                      </HBox>
	                                    
	                                    </VBox>
	                                    </content>
			                    </Page>
	
					        </detailPages>
					        <!--*********************************master pages***********************-->
		                    <masterPages>
		                        <Page id="master" title="Menu" icon="sap-icon://action" class="sapUiStdPage">
				                    <content>
					                    <List itemPress="onListItemPress">
						                    <items>
							                    <StandardListItem title="List" type="Active" custom:to="detail2"/>
							                    <StandardListItem title="Map" type="Active" custom:to="detail"/>
							                 </items>
					                    </List>
				                    </content>
			                    </Page>
		                    </masterPages>
					    </SplitApp>
                    </Panel>
                    <Panel expandable="true" expanded="false" class="sapUiResponsiveMargin" headerText="Mobile Map Configuration">
                    </Panel>	
				</content>
			</Page>
	  </App>	
      </Page>
</mvc:View>