<mvc:View xmlns:mvc="sap.ui.core.mvc" xmlns:forms="sap.ui.layout.form"
		  xmlns:core="sap.ui.core" xmlns:layout="sap.ui.layout" xmlns="sap.m">

	<forms:SimpleForm labelSpanL="4" labelSpanM="4"
					  labelSpanS="4" emptySpanL="0" emptySpanM="0" emptySpanS="0"
					  maxContainerCols="2" layout="ResponsiveLayout" width="100%">
		<core:Title text="Social Accounts"/>

		<Label text="LinkedIn"/>
		<layout:VerticalLayout width="100%">
			<layout:HorizontalLayout>
				<Image
						src="./test-resources/sap/uxap/images/linkedin.png"
						width="21px"/>
				<Text text="/DeniseSmith"/>
			</layout:HorizontalLayout>
		</layout:VerticalLayout>
		<Label text="Twitter"/>
		<layout:VerticalLayout width="100%">
			<layout:HorizontalLayout>
				<Image src="./test-resources/sap/uxap/images/Twitter.png"
					   width="21px"/>
				<Text text="@DeniseSmith"/>
			</layout:HorizontalLayout>
		</layout:VerticalLayout>

	</forms:SimpleForm>
</mvc:View>
