<mvc:View xmlns:mvc="sap.ui.core.mvc"
	xmlns:custom="http://schemas.sap.com/sapui5/extension/sap.ui.core.CustomData/1"
	controllerName="masterdetails.index" xmlns:core="sap.ui.core" xmlns:c="sap.ui.commons"
	xmlns="sap.m" xmlns:l="sap.ui.layout" xmlns:help="sap.m.URLHelper"
	xmlns:object="sap.uxap" xmlns:html="http://www.w3.org/1999/xhtml"
	xmlns:sample="sap.uxap.sample.ObjectPageOnJSON" xmlns:goals="sap.uxap.sample.SharedBlocks.goals"
	xmlns:personal="sap.uxap.sample.SharedBlocks.personal" xmlns:table="sap.ui.table"
	xmlns:employment="sap.uxap.sample.SharedBlocks.employment">

	<SplitApp id="SplitAppDemo" initialDetail="detail" title="Code Blue"
		initialMaster="master" orientationChange="onOrientationChange">
		<detailPages>
			<Page id="1" title="Patient details" class="sapUiStdPage">
				<content>
				
					<object:ObjectPageLayout id="ObjectPageLayout"
						enableLazyLoading="false" showTitleInHeaderContent="true"
						showHeaderContent="true">
						<object:headerTitle>
							<object:ObjectPageHeader objectImageURI="{/image}"
								objectImageShape="Circle" objectTitle="{value/Name}" objectImageAlt=""
								id="ObjectPageLayoutHeaderTitle" isObjectIconAlwaysVisible="false"
								isObjectTitleAlwaysVisible="false" showPlaceholder="true">
							</object:ObjectPageHeader>
						</object:headerTitle>

						<object:headerContent>
							<l:VerticalLayout>
								<ObjectStatus title="Age" text="{value/0/Age}" />
								<ObjectStatus title="Phone Number" text="{/Contact_Number}" />
								<ObjectStatus title="Emergency Phone Number" text="{/Emergency_Contact_1}" />
								<ObjectStatus title="Emergency Phone Number" text="{/Emergency_Contact_2}" />
							</l:VerticalLayout>

							<l:VerticalLayout>
								<l:layoutData>
									<object:ObjectPageHeaderLayoutData
										visibleM="true" visibleS="false" />
								</l:layoutData>
								<ObjectStatus text="Current Location" state="Success"
									icon="sap-icon://home" />
								<ObjectStatus title="Address"
									text="{/Address}"/>
								<ObjectStatus text="Doctor" state="Success"
									icon="sap-icon://doctor" />
								<ObjectStatus title="Name" text="{/Doctorname}" />
								<ObjectStatus title="Phone Number" text="{/Doctor Ph No}" />
								<ObjectStatus text="Status" state="Success"
									icon="sap-icon://stethoscope" />
								<ObjectStatus title="Blood Pressure" text="" />
								<ObjectStatus title="Threshold"
									text="{/BP}" />
								<ObjectStatus title="Current"
									text="{/BP_current}" />
								<ObjectStatus title="Heart Beat" />
								<ObjectStatus title="Threshold" text="{/HeartRate}" />
								<ObjectStatus title="Current" text="{/HR current}"
									status="failure" />
								<ObjectStatus title="Temperature" />
								<ObjectStatus title="Threshold" text="{/temp}" />
								<ObjectStatus title="Temperature" text="{/temp current}" />
							</l:VerticalLayout>
						</object:headerContent>
					</object:ObjectPageLayout>
					
				</content>
				<footer>
					<Bar>
						<contentRight>
							<Button id="btnSave" type="Accept" text="Call" tooltip="Save"
								icon="sap-icon://phone" press="oncall"></Button>
							<Button id="btnEdit" type="Emphasized" text="SMS" press="onSMS"
								tooltip="Edit" icon="sap-icon://email"></Button>
							<Button id="realtime" text="Ambulance" type="Reject" />
						</contentRight>
					</Bar>
				</footer>
			</Page>
			 <Page id="2" title="Patient details" class="sapUiStdPage">
				<content>
					<object:ObjectPageLayout id="ObjectPageLayout1"
						enableLazyLoading="false" showTitleInHeaderContent="true"
						showHeaderContent="true">
						<object:headerTitle>
							<object:ObjectPageHeader objectImageURI="{/image}"
								objectImageShape="Circle" objectTitle="{/Name}" objectImageAlt=""
								id="ObjectPageLayoutHeaderTitle2" isObjectIconAlwaysVisible="false"
								isObjectTitleAlwaysVisible="false" showPlaceholder="true">
							</object:ObjectPageHeader>
						</object:headerTitle>

						<object:headerContent>
							<l:VerticalLayout>
								<ObjectStatus title="Age" text="{/Age}" />
								<ObjectStatus title="Phone Number" text="{/Contact_Number}" />
								<ObjectStatus title="Emergency Phone Number" text="{/Emergency_Contact_1}" />
								<ObjectStatus title="Emergency Phone Number" text="{/Emergency_Contact_2}" />
							</l:VerticalLayout>

							<l:VerticalLayout>
								<l:layoutData>
									<object:ObjectPageHeaderLayoutData
										visibleM="true" visibleS="false" />
								</l:layoutData>
								<ObjectStatus text="Current Location" state="Success"
									icon="sap-icon://home" />
								<ObjectStatus title="Address"
									text="{/Address}"/>
								<ObjectStatus text="Doctor" state="Success"
									icon="sap-icon://doctor" />
								<ObjectStatus title="Name" text="{/Doctorname}" />
								<ObjectStatus title="Phone Number" text="{/Doctor Ph No}" />
								<ObjectStatus text="Status" state="Success"
									icon="sap-icon://stethoscope" />
								<ObjectStatus title="Blood Pressure" text="" />
								<ObjectStatus title="Threshold"
									text="{/BP}" />
								<ObjectStatus title="Current"
									text="{/BP_current}" />
								<ObjectStatus title="Heart Beat" />
								<ObjectStatus title="Threshold" text="{/HeartRate}" />
								<ObjectStatus title="Current" text="{/HR current}"
									status="failure" />
								<ObjectStatus title="Temperature" />
								<ObjectStatus title="Threshold" text="{/temp}" />
								<ObjectStatus title="Temperature" text="{/temp current}" />
							</l:VerticalLayout>
						</object:headerContent>
					</object:ObjectPageLayout>
				</content>
				<footer>
					<Bar>
						<contentRight>
							<Button id="idwork" text="worklist" type="Accept" tooltip="worklist"
								icon="sap-icon://electronic-medical-record" press="onWorklist"></Button>
							<Button id="btnSave1" type="Accept" text="Call" tooltip="Call"
								icon="sap-icon://phone" press="oncall"></Button>
							<Button id="btnEdit1" type="Emphasized" text="SMS" press="onSMS"
								tooltip="SMS" icon="sap-icon://email"></Button>
						</contentRight>
					</Bar>
				</footer>
			</Page>
			<Page id="3" title="Patient details" class="sapUiStdPage">
				<content>
					<object:ObjectPageLayout id="ObjectPageLayout2"
						enableLazyLoading="false" showTitleInHeaderContent="true"
						showHeaderContent="true">
						<object:headerTitle>
							<object:ObjectPageHeader objectImageURI="{/image}"
								objectImageShape="Circle" objectTitle="{/Name}" objectImageAlt=""
								id="ObjectPageLayoutHeaderTitle3" isObjectIconAlwaysVisible="false"
								isObjectTitleAlwaysVisible="false" showPlaceholder="true">
							</object:ObjectPageHeader>
						</object:headerTitle>

						<object:headerContent>
							<l:VerticalLayout>
								<ObjectStatus title="Age" text="{/Age}" />
								<ObjectStatus title="Phone Number" text="{/Contact_Number}" />
								<ObjectStatus title="Emergency Phone Number" text="{/Emergency_Contact_1}" />
								<ObjectStatus title="Emergency Phone Number" text="{/Emergency_Contact_2}" />
							</l:VerticalLayout>

							<l:VerticalLayout>
								<l:layoutData>
									<object:ObjectPageHeaderLayoutData
										visibleM="true" visibleS="false" />
								</l:layoutData>
								<ObjectStatus text="Current Location" state="Success"
									icon="sap-icon://home" />
								<ObjectStatus title="Address"
									text="{/Address}"/>
								<ObjectStatus text="Doctor" state="Success"
									icon="sap-icon://doctor" />
								<ObjectStatus title="Name" text="{/Doctorname}" />
								<ObjectStatus title="Phone Number" text="{/Doctor Ph No}" />
								<ObjectStatus text="Status" state="Success"
									icon="sap-icon://stethoscope" />
								<ObjectStatus title="Blood Pressure" text="" />
								<ObjectStatus title="Threshold"
									text="{/BP}" />
								<ObjectStatus title="Current"
									text="{/BP_current}" />
								<ObjectStatus title="Heart Beat" />
								<ObjectStatus title="Threshold" text="{/HeartRate}" />
								<ObjectStatus title="Current" text="{/HR current}"
									status="failure" />
								<ObjectStatus title="Temperature" />
								<ObjectStatus title="Threshold" text="{/temp}" />
								<ObjectStatus title="Temperature" text="{/temp current}" />
							</l:VerticalLayout>
						</object:headerContent>
					</object:ObjectPageLayout>
				</content>
				<footer>
					<Bar>
						<contentRight>
							<Button id="idwork2" text="worklist" type="Accept" tooltip="worklist"
								icon="sap-icon://electronic-medical-record" press="onWorklist"></Button>
							<Button id="btnSave2" type="Accept" text="Call" tooltip="Save"
								icon="sap-icon://phone" press="oncall"></Button>
							<Button id="btnEdit2" type="Emphasized" text="SMS" press="onSMS"
								tooltip="Edit" icon="sap-icon://email"></Button>
							<Button id="realtime2" text="Ambulance" type="Reject" />
						</contentRight>
					</Bar>
				</footer>
			</Page>
		</detailPages>
		<masterPages>
			<Page id="master" title="Notifications " icon="sap-icon://action"
				class="sapUiStdPage">
				<content>
					<List id="Notification" items="{/notifyList}">
						<items>
							<StandardListItem title="{SOS}" icon="{image}"
								type="Navigation" press="gotoSeverity1Details">
							</StandardListItem>
						</items>
					</List>
					<List id="Notification2" items="{/notifyList}">
						<items>
							<StandardListItem title="{SOS}" icon="{image}"
								type="Navigation" press="gotoSeverity2Details">
							</StandardListItem>
						</items>
					</List>
					<List id="Notification3" items="{/notifyList}">
						<items>
							<StandardListItem title="{SOS}" icon="{image}"
								type="Navigation" press="gotoSeverity3Details">
							</StandardListItem>
						</items>
					</List>
					
				</content>
			</Page>

		</masterPages>
	</SplitApp>
</mvc:View>