<mvc:View xmlns:mvc="sap.ui.core.mvc" xmlns:custom="http://schemas.sap.com/sapui5/extension/sap.ui.core.CustomData/1"
	controllerName="idoctor.doctor1" xmlns="sap.m" xmlns:l="sap.ui.layout"
	xmlns:viz="sap.viz.ui5.controls" xmlns:smartTable="sap.ui.comp.smarttable">
	<Page title="Code Blue" enableScrolling="true" showHeader="true">
		<content>
			<App>
				<pages>
					<Page title="{i18n>Code Blue}">
						<content>
							<SplitApp id="SplitAppDemo" initialDetail="detail" initialMaster="master" orientationChange="onOrientationChange">
								<detailPages>
									<Page id="detail" title="Patient Detail" class="sapUiStdPage">
										<content>
											<ObjectHeader id="oh1" responsive="true" fullScreenOptimized="true" binding="{/model}" title="{Patient_Name}">
												<attributes>
													<ObjectAttribute id="id2" title="Program Name" text="{Program_Name}"/>
													<ObjectAttribute id="id1" title="Patient_Id" text="{Patient_Id}"/>
												</attributes>
												
											
											<statuses>
												<ObjectStatus id="id3" text="{Severity}" state="Warning"/>
											</statuses>
											<headerContainer>
												<IconTabBar id="itb1" selectedKey="key3" upperCase="true" class="sapUiResponsiveContentPadding">
													<items>
														<IconTabFilter text="Analysis" key="key3">
															<content>
															
																<l:VerticalLayout class="sapUiContentPadding" width="100%">
																	<l:content>
																
																			<Panel id="PN-1" class="panelStyle" expandable="true" expanded="false" headerText="Settings">
																				<ScrollContainer class="scrollStyle" height="100%" width="100%" horizontal="true" vertical="false" focusable="false">
																					<HBox class="settingBottomStyle" width="auto">
																						<HBox id="HB-1" class="HBoxStyle">
																							<VBox id="BX-1" class="boxPosition" >
																								<Label text="Dataset" class="sapUiSmallMarginTop labelStyle" design="Bold"/>
																								<RadioButton class="buttonPosition" id="RB1-11" groupName="line-group1" text="Small"/>
																								<RadioButton class="buttonPosition" id="RB1-22" groupName="line-group1" text="Medium" selected="true"/>
																								<RadioButton class="buttonPosition bottomButtonStyle" id="RB1-33" groupName="line-group1" text="Large"/>
																							</VBox>
																							<VBox id="BX-2" class="boxPosition" >
																								<Label text="Series" class="sapUiSmallMarginTop labelStyle" design="Bold"/>
																								<RadioButton class="buttonPosition" id="RB2-1" groupName="line-group2" text="1 Series" selected="true"/>
																								<RadioButton class="buttonPosition bottomButtonStyle" id="RB2-2" groupName="line-group2" text="2 Series"/>
																							</VBox>
																							<VBox id="BX-3" class="boxPosition" >
																								<Label text="Value Label" class="sapUiSmallMarginTop labelStyle" design="Bold"/>
																								<Switch id="SW-1" class="switchPosition" state="true" customTextOn="ON" customTextOff="OFF"></Switch>
																							</VBox>
																							<VBox >
																								<Label text="Axis Title" class="sapUiSmallMarginTop labelStyle" design="Bold"/>
																								<Switch id="SW-2" class="switchPosition" state="false" customTextOn="ON" customTextOff="OFF"></Switch>
																							</VBox>
																						</HBox>
																					</HBox>
																				</ScrollContainer>
																			</Panel>
																		
                    <Panel id="panelid">
					<viz:Popover id="idPopOver"></viz:Popover>
					<viz:VizFrame width="100%"  id="idVizFrameLine" uiConfig="{applicationSet:'fiori'}" ></viz:VizFrame>
				<!-- </l:flexContent> -->
				</Panel> 

																			<!--Above is the chart area -->
																			<!-- </l:FixFlex> -->
																	
																	</l:content>
																</l:VerticalLayout>
															</content>
														</IconTabFilter>
														<IconTabFilter text="Parameters" key="key2">
															<content>
																<l:VerticalLayout class="sapUiContentPadding" width="100%">
																	<l:content>
																		<Label id="param" class="titleText" text="Parameters" design="Bold"></Label>
																		<Label text=""></Label>
																		<VBox id="vid" items="{/value}">
																			<items>
																				<Panel expandable="true" expanded="true" class="panelStyle" headerText="{Param_Name}">
																					<content>
																						<Label text=""></Label>
																						<RangeSlider id="range" range="{Range}" min="{S_Min_Value}" max="{S_Max_Value}" width="100%" class="sapUiSmallMarginBottom"
																							change="onChange"></RangeSlider>
																					</content>
																				</Panel>
																			</items>
																		</VBox>
																		<Button enabled="true" id="btnAdd" press="handleAddParameter" tooltip="Add" icon="sap-icon://add" class="sapUiSmallMarginBottom"></Button>
																	</l:content>
																</l:VerticalLayout>
															</content>
														</IconTabFilter>
													<!--	<IconTabFilter text="Emergency details" key="key1">
															<content></content>
														</IconTabFilter> -->
													</items>
												</IconTabBar>
											</headerContainer>
										</ObjectHeader>
									</content>
									<footer>
										<Bar>
											<contentRight>
												<Button id="button1" text="Edit" type="Emphasized" press="handleRealTimePress"></Button>
											</contentRight>
										</Bar>
									</footer>
								</Page>
								<Page id="detailDetail" title="Edit Patient Details" class="sapUiStdPage" showNavButton="true" navButtonText="Back"
									navButtonPress="onPressDetailBack">
									<content>
										<VBox class="sapUiSmallMargin">
							<Table id="activeTable" editable="true" items="{/d/results}" headerText="Configure Emergency For Patient">
		
		
		
		<columns>
			<Column>
				 <Text text="Heart Beat"/>
			</Column>
			<Column>
				<Text text="Temperature"/>
			</Column>
			<Column>
				<Text text="Fall Detected"/>
			</Column>
			<Column>
				<Text text="Priority"/>
			</Column>
			<Column>
				<Text text="Message"/>
			</Column>
			
			
		</columns>
		<items>
			<ColumnListItem>
				<cells>
					<CheckBox selected="{Pulse}" />
					<CheckBox selected="{Temp}"></CheckBox>
					<CheckBox selected="{Fall}"></CheckBox>
						<Input value="{Priority}"></Input>
							<Input value="{Action}"></Input>
					
				</cells>
			</ColumnListItem>
		</items>
		
		
		</Table>
		
										</VBox>
									</content>
										<footer>
										<Bar>
											<contentRight>
												<Button id="button2" text="Save" type="Emphasized" press="handleSave"></Button>
											</contentRight>
										</Bar>
									</footer>
								</Page>
								<Page id="detail2" title="Detail 3 Page" class="sapUiStdPage" showNavButton="true" navButtonText="Back" navButtonPress="onPressDetailBack">
									<content>
										<Label text="This is Detail Page3"/>
										<Input/>
										<Label text="Label 2"/>
										<Input/>
										<Label text="Label 3"/>
										<Input/>
										<Label text="Label 4"/>
										<Input/>
										<Label text="Label 5"/>
										<Input/>
									</content>
								</Page>
							</detailPages>
							<masterPages>
								<Page id="master" title="Master 1" icon="sap-icon://action" class="sapUiStdPage">
									<content>
										<List items="{/value}">
											<items>
												<ObjectListItem title="{Patient_Name}" type="Active" press="onListItemPress">
													<firstStatus>
														<ObjectStatus text="{Severity}" state="{ path: 'Severity', formatter: '.newfn' }"/>
													</firstStatus>
													<attributes>
														<ObjectAttribute text="{Program_Name}"/>
														<ObjectAttribute text="{Patient_Id}"/>
													</attributes>
												</ObjectListItem>
											</items>
										</List>
									</content>
									<footer>
										<Bar></Bar>
									</footer>
								</Page>
							</masterPages>
						</SplitApp>
					</content>
				</Page>
			</pages>
		</App>
	</content>
</Page>
</mvc:View>