<mvc:View xmlns:core="sap.ui.core" xmlns:mvc="sap.ui.core.mvc" xmlns="sap.m" controllerName="notification.Ambulance"
	xmlns:l="sap.ui.layout" xmlns:f="sap.ui.layout.form" xmlns:gmaps="openui5.googlemaps" xmlns:html="http://www.w3.org/1999/xhtml">
	
	<App>
		<SplitApp id="SplitAppDemo" initialDetail="detail" initialMaster="master" orientationChange="onOrientationChange">
			<detailPages>
				<Page id="detail" title="Ambulance Admin Page" class="sapUiStdPage">
					<content>
						<VBox class="marginBoxContent">
							<gmaps:Map id="map" height="400px" zoom="14" lat="13.001506" lng="77.757436">
								<gmaps:markers>
									<gmaps:Marker lat="13.000576" lng="77.757564" info="Code Blue Enabled Hospital"/>
								</gmaps:markers>
								<gmaps:markers id="patmark">
									<gmaps:Marker id="mark1" lat="{lat}" lng="{lng}" info="{Name}" animation="1"
										icon="http://www.w3schools.com/googleapi/pinkball.png"/>
								</gmaps:markers>
							</gmaps:Map>
						</VBox>
						<Page id="insidedet" title="Patient Details" class="sapUiStdPage">
							<content>
								<f:SimpleForm id="SimpleFormDisplayPD" minWidth="1024" maxContainerCols="2" editable="false" layout="ResponsiveGridLayout"
									title="Personal Details" labelSpanL="3" labelSpanM="3" emptySpanL="4" emptySpanM="4" columnsL="1" columnsM="1">
									<f:content>
										<Label text="Name"/>
										<Text text="{Name}"/>
										<Label text="Patient ID"/>
										<Text text="{Patient_Id}"/>
										<Label text="Age"/>
										<Text text="{Age}"/>
										<Label text="Contact Number"/>
										<Text text="{Contact_Number}"/>
										<Label text="Emergency Contact No"/>
										<Text text="{Emergency_Contact_1}"/>
										<Label text="Emergency Contact No"/>
										<Text text="{Emergency_Contact_2}"/>
										<Label text="Doctor's Name"/>
										<Text text="{Doctorname}"/>
										<Label text="Severity"/>
										<Text text="{Severity}"/>
									</f:content>
								</f:SimpleForm>
								<f:SimpleForm id="SimpleFormDisplayAdd" minWidth="1024" maxContainerCols="2" editable="false" layout="ResponsiveGridLayout" title="Address"
									labelSpanL="3" labelSpanM="3" emptySpanL="4" emptySpanM="4" columnsL="1" columnsM="1">
									<f:content>
										<Label text="Address"/>
										<Text text="{Address}"/>
										<Label text="City"/>
										<Text text="Bangalore"/>
									</f:content>
								</f:SimpleForm>
								<f:SimpleForm id="SimpleFormDisplayCB" minWidth="1024" maxContainerCols="2" editable="false" layout="ResponsiveGridLayout" title="Code Blue"
									labelSpanL="3" labelSpanM="3" emptySpanL="4" emptySpanM="4" columnsL="1" columnsM="1">
									<f:content>
										<Label text="Ambulance Assigned"/>
										<Text text="{state}"/>
										<Label text="Distance of Patient from Hospital"/>
										<Text id="distance" text=""/>
										<Label text="Approx Ambulance Arrival Time"/>
										<Text id="time" text=""/>
									</f:content>
								</f:SimpleForm>
							</content>
						</Page>
					</content>
					<footer>
						<Bar id="idbar">
							<contentRight>
								<Label text="Assign Ambulance "/>
								<Switch id="ambas" change="onPressAssignAmbulance" state="{state}"/>
								<Button text="Send Details" press="onPressSendDetails"/>
								<Button icon="sap-icon://home" id="btnHome" press="onPressHome"
						         />
							</contentRight>
						</Bar>
					</footer>
				</Page>
			</detailPages>
			<masterPages>
				<Page id="master" title="Patients List" class="sapUiStdPage" >
					<content>
						<List id="idListPatient" items="{/value}" mode="SingleSelectMaster" select="handleListSelect">
							<StandardListItem id="sli" title="{Name}" description="{Contact_Number}"/>
						</List>
					</content>
				</Page>
			</masterPages>
		</SplitApp>
	</App>

</mvc:View>