<core:View xmlns:core="sap.ui.core" xmlns:mvc="sap.ui.core.mvc" xmlns="sap.m" xmlns:suite="sap.suite.ui.commons"
		controllerName="notification.NotificationTile" xmlns:html="http://www.w3.org/1999/xhtml">	
	<Page title="Title" showHeader="true" enableScrolling="true" class="sapUiContentPadding" xmlns:m="sap.m">
	<customHeader>
			<Bar>
				<contentLeft>
					<Image src="img/SAP.jpg"></Image>
				</contentLeft>
				<contentMiddle>
				<Image src="img/cblue.jpg" class="codebluelogo"></Image>
				</contentMiddle>
				<contentRight>
					<Button icon="sap-icon://log" id="btnLogOut" press="onBtnLogOut" text="LogOut"></Button>
				</contentRight>
			</Bar>
		</customHeader>

	<suite:GenericTile id= "generic" header="Notifications" size="S" frameType="OneByOne"
		press="notifications">
		<suite:tileContent>
			<suite:TileContent unit="count" size="S">
				<suite:content>
					<suite:NumericContent id="temp" size="S" scale="B" 
						valueColor="Bad" indicator="Up" />
				</suite:content>
			</suite:TileContent>
		</suite:tileContent>
	</suite:GenericTile>
	</Page>
	</core:View>
