<core:View xmlns:core="sap.ui.core" xmlns:mvc="sap.ui.core.mvc"
	xmlns:object="sap.uxap" xmlns:l="sap.ui.layout" xmlns="sap.m"
	controllerName="notification.notificationPage" xmlns:html="http://www.w3.org/1999/xhtml">
	<html:style>
      .vbox
{
position: fixed;
    left: 12rem;
}
   </html:style>
	<Page title="Code Blue" showHeader="true" enableScrolling="true"
		class="sapUiContentPadding">
		<customHeader>
			<Bar>
				<contentLeft>
					<Image src="img/SAP.jpg"></Image>
				</contentLeft>
				<contentMiddle>
					<Image src="img/cblue.jpg" class="codebluelogo"></Image>
				</contentMiddle>
				<contentRight>
					<Button icon="sap-icon://home" id="btnHome" press="onBtnHome"
						text="Home" />
				</contentRight>
			</Bar>
		</customHeader>
		<App>
			<pages>
				<Page showHeader="false">
					<SplitApp id="SplitAppDemo" initialDetail="initial"
						initialMaster="master" orientationChange="onOrientationChange">
						<detailPages>
							<Page id = "1" title="Notification Details" showHeader="true"
								enableScrolling="true" class="sapUiContentPadding">
								<customHeader>
									<Bar>
										<contentMiddle>
											<Label id="detailText" class="headingText" text="Notification Details"
												design="Bold" />
										</contentMiddle>
										<contentLeft>
											<Button id="SMS"   type="Emphasized" press="onSMS"
												tooltip="SMS" icon="sap-icon://email"></Button>
										</contentLeft>
										<contentRight>
										   <Button id="call" type="Accept"  tooltip="Call"
												icon="sap-icon://phone" press="verify"></Button>
											
										</contentRight>
									</Bar>
								</customHeader>
								<content>
									<object:ObjectPageLayout id="ObjectPageLayout"
										enableLazyLoading="false" showTitleInHeaderContent="true"
										showHeaderContent="true">
										<object:headerTitle>
											<object:ObjectPageHeader
												objectImageURI=""
												objectTitle="" objectImageAlt=""
												id="ObjectPageLayoutHeaderTitle" isObjectIconAlwaysVisible="false"
												isObjectTitleAlwaysVisible="false" showPlaceholder="false">
											</object:ObjectPageHeader>
										</object:headerTitle>
										<object:headerContent>
											<l:VerticalLayout>
											     <Image src="{/PATIENTURI}"></Image>
										    </l:VerticalLayout>
										    <l:VerticalLayout>
											    <ObjectStatus title="Patient Name" text="{/Name}" />
												<ObjectStatus title="Age" text="{/Age}" />
												<ObjectStatus title="Patient Phone Number" text="{/Contact_Number}" />
												<ObjectStatus title="Emergency Phone Number"
													text="{/Emergency_Contact_1}" />
												<ObjectStatus title="Care Taker"
													text="{/Emergency_Contact_2}" />
												<l:layoutData>
													<object:ObjectPageHeaderLayoutData
														visibleM="true" visibleS="false" />
												</l:layoutData>
												<ObjectStatus text="Current Location" state="Success"
													icon="sap-icon://home" />
												<ObjectStatus title="Address" text="{/Address}" />
												<ObjectStatus text="Doctor" state="Success"
													icon="sap-icon://doctor" />
												<ObjectStatus title="Name" text="{/Doctorname}" />
												<ObjectStatus title="Phone Number" text="{/Doctor Ph No}" />
												<ObjectStatus text="Status" state="Success"
													icon="sap-icon://stethoscope" />
												<!--<ObjectStatus title="Blood Pressure" text="" />
												<ObjectStatus title="Threshold" text="120/80" />
												<ObjectStatus title="Current" text="140/60" />-->
												<ObjectStatus title="Heart Beat in BPM" />
												<ObjectStatus title="Threshold" text="50-70" />
												<ObjectStatus title="Current" text="{/HR current}"
													status="failure" />
												<ObjectStatus title="Temperature in degree Celsius" />
												<ObjectStatus title="Threshold" text="36-40" />
												<ObjectStatus title="Temperature" text="{/temp current}" />
												<Button id="Ambulance" icon="sap-icon://electrocardiogram" text="Ambulance" tooltip="Ambulance" press="callAmbulance"
												type="Reject" />
											</l:VerticalLayout>
											
										</object:headerContent>
									</object:ObjectPageLayout>
								</content>
							</Page>
							<Page id = "2" title="Notification Details" showHeader="true"
								enableScrolling="true" class="sapUiContentPadding">
								<customHeader>
									<Bar>
										<contentMiddle>
											<Label id="detailText2" class="headingText" text="Notification Details"
												design="Bold" />
										</contentMiddle>
										<contentLeft>
											<Button id="SMS2"   press="onSMS" type="Emphasized"
												tooltip="SMS" icon="sap-icon://email"></Button>
										</contentLeft>
										<contentRight>
										   <Button id="call2" type="Accept"  tooltip="Call"
												icon="sap-icon://phone" press="oncall"></Button>
											
										</contentRight>
									</Bar>
								</customHeader>
								<content>
									<object:ObjectPageLayout id="ObjectPageLayout2"
										enableLazyLoading="false" showTitleInHeaderContent="true"
										showHeaderContent="true">
										<object:headerTitle>
											<object:ObjectPageHeader
												objectImageURI="" objectImageShape="Circle"
												objectTitle="" objectImageAlt=""
												id="ObjectPageLayoutHeaderTitle2" isObjectIconAlwaysVisible="false"
												isObjectTitleAlwaysVisible="false" showPlaceholder="false">
											</object:ObjectPageHeader>
										</object:headerTitle>
										<object:headerContent>
										<HBox>
										  <VBox >
										    <l:VerticalLayout>
											     <Image src="{/PATIENTURI}"></Image>
										    </l:VerticalLayout>
										    </VBox>
										    <VBox class="vbox">
											<l:VerticalLayout>
											<ObjectStatus title="Patient Name" text="{/Name}" />
												<ObjectStatus title="Age" text="{/Age}" />
												<ObjectStatus title="Patient Phone Number" text="{/Contact_Number}" />
												<ObjectStatus title="Emergency Phone Number"
													text="{/Emergency_Contact_1}" />
												<ObjectStatus title="Care Taker"
													text="{/Emergency_Contact_2}" />
												<l:layoutData>
													<object:ObjectPageHeaderLayoutData
														visibleM="true" visibleS="false" />
												</l:layoutData>
												<ObjectStatus text="Current Location" state="Success"
													icon="sap-icon://home" />
												<ObjectStatus title="Address" text="{/Address}" />
												<ObjectStatus text="Doctor" state="Success"
													icon="sap-icon://doctor" />
												<ObjectStatus title="Name" text="{/Doctorname}" />
												<ObjectStatus title="Phone Number" text="{/Doctor Ph No}" />
												<ObjectStatus text="Status" state="Success"
													icon="sap-icon://stethoscope" />
												<!--<ObjectStatus title="Blood Pressure" text="" />
												<ObjectStatus title="Threshold" text="120/80" />
												<ObjectStatus title="Current" text="140/60" />-->
												<ObjectStatus title="Heart Beat in BPM" />
												<ObjectStatus title="Threshold" text="60-70" />
												<ObjectStatus title="Current" text="{/HR current}"
													status="failure" />
												<ObjectStatus title="Temperature in degree Celsius" />
												<ObjectStatus title="Threshold" text="36-40" />
												<ObjectStatus title="Temperature" text="{/temp current}" />
												<Label id="workList" class="headingText" text="WorkList"
													design="Bold" />
												<List>
													<items>
														<StandardListItem title="High Temperature"
															description="Double doses of Fermented Cod Oil and give immune boosting nutrients."
															type="Active" icon="sap-icon://electronic-medical-record"
															iconDensityAware="true" iconInset="true" adaptTileSize="true" />
														<StandardListItem title="Low Temperature"
															description="Take tablet, Eat Healthy food,have healthy sleep"
															type="Active" icon="sap-icon://electronic-medical-record"
															iconDensityAware="true" iconInset="true" adaptTileSize="true" />
													</items>
												</List>
												
											</l:VerticalLayout> 
											</VBox>
											</HBox>
										</object:headerContent>
									</object:ObjectPageLayout>
								</content>
							</Page>
						</detailPages>
						<masterPages>
							<Page title="Device Notifications" showHeader="true"
								enableScrolling="true" class="sapUiContentPadding">
								<customHeader>
									<Bar>
										<contentMiddle>
											<Label id="masterText" class="headingText" text="Device Notifications"
												design="Bold" />
										</contentMiddle>
									</Bar>
								</customHeader>
								<content>
									<List id="Notificationlist" items="{/d/results}">
										<items>
											<StandardListItem title="{Action_taken}"
												description="{TimeStamp}" type="Navigation" press="gotoSeverityDetails"
												icon="sap-icon://notification" iconDensityAware="true"
												iconInset="true" adaptTileSize="true" />
										</items>
									</List>
								</content>
							</Page>
						</masterPages>
					</SplitApp>
				</Page>
			</pages>
		</App>
		
								<footer>
									<Bar>
										
									</Bar>
								</footer>
	</Page>
</core:View>