<core:View xmlns:core="sap.ui.core" xmlns:mvc="sap.ui.core.mvc" xmlns="sap.m"
xmlns:custom="http://schemas.sap.com/sapui5/extension/sap.ui.core.CustomData/1"
		displayBlock="true" xmlns:viz="sap.viz.ui5.controls"  xmlns:suite="sap.suite.ui.commons" xmlns:l="sap.ui.layout"
		controllerName="codeblue.Entry" xmlns:html="http://www.w3.org/1999/xhtml" 
		xmlns:smartForm="sap.ui.comp.smartform" xmlns:smartField="sap.ui.comp.smartfield" 
		xmlns:app="http://schemas.sap.com/sapui5/extension/sap.ui.core.CustomData/1" xmlns:f="sap.ui.layout.form">
	<Page title="Title" showHeader="true" enableScrolling="true" class="sapUiContentPadding" xmlns:m="sap.m"> 
	<customHeader>
			<Bar>
				<contentLeft>
				    	<Image src="./codeblue/img/SAP.jpg"></Image>
				</contentLeft>
				<contentMiddle>
			        	<Image src="./img/cblue.jpg" class="codebluelogo"></Image>
				</contentMiddle>
				<contentRight>
				     <Button icon="sap-icon://home" id="btnHome" press="onBtnHome" text="Home"/>
				</contentRight>
			</Bar>
		</customHeader>

	
			
				<content>
		<l:VerticalLayout class="verticle_align_middle" width="100%" >
		<l:content>
			<l:HorizontalLayout>
			
				<Image 
				class = "margin_right60"
					src="codeblue/img/patient.png"
					densityAware="false"
					width="200px" 
					 press="toPatientList">
					
					<layoutData>
						<FlexItemData growFactor="1" />
					</layoutData>
				</Image>
				
				<Image
					src="codeblue/img/register.png"
					densityAware="false"
					width="200px"
					decorative="false"
					press="toRegistration" >
					<layoutData>
						<FlexItemData growFactor="1" />
					</layoutData>
				</Image>
		</l:HorizontalLayout>
		</l:content>
	</l:VerticalLayout>
				</content>
			
			
			  </Page>  
</core:View>