<core:View xmlns:core="sap.ui.core" xmlns:mvc="sap.ui.core.mvc" xmlns="sap.m"
xmlns:custom="http://schemas.sap.com/sapui5/extension/sap.ui.core.CustomData/1"
		displayBlock="true" xmlns:viz="sap.viz.ui5.controls"  xmlns:suite="sap.suite.ui.commons" xmlns:l="sap.ui.layout"
		controllerName="codeblue.patient" xmlns:html="http://www.w3.org/1999/xhtml" 
		xmlns:smartForm="sap.ui.comp.smartform" xmlns:smartField="sap.ui.comp.smartfield" 
		xmlns:app="http://schemas.sap.com/sapui5/extension/sap.ui.core.CustomData/1" xmlns:f="sap.ui.layout.form">
	<!-- <Page title="Title" showHeader="true" enableScrolling="true" class="sapUiContentPadding" xmlns:m="sap.m"> 
	<customHeader>
			<Bar>
				<contentLeft>
					<Image src="./codeblue/img/SAP.jpg"></Image>
				</contentLeft>
				<contentMiddle>
					<Label id="titleText" class="headingText" text="Code Blue" design = "Bold" />
				</contentMiddle>
				<contentRight>
				     <Button icon="sap-icon://home" id="btnHome" press="onBtnHome" text="Home"/>
				</contentRight>
			</Bar>
		</customHeader>
		<content> -->
	<App>
		<pages>
			<Page title="Code Blue" >
			   <customHeader>
			<Bar>
				<contentLeft>
					<Image src="./codeblue/img/SAP.jpg"></Image>
				</contentLeft>
				<contentMiddle>
					<Label id="titleText" class="headingText" text="Code Blue" design = "Bold" />
				</contentMiddle>
				<contentRight>
				     <Button icon="sap-icon://nav-back" id="btnBack" press="onBtnBack" text="Home"/>
				</contentRight>
			</Bar>
		</customHeader>
				<content>
				<SplitApp id="SplitAppDemo" initialDetail="detail" initialMaster="master" orientationChange="onOrientationChange">
		<detailPages>
		
		
		<Page id="detail1" title="Patient 1" icon="sap-icon://action" class="sapUiStdPage">
				
				
				<l:HorizontalLayout>
			
				<Label text = "Patient Name:"/>
				<Input
				id="patientname"
				type="Text"
				
				valueHelpRequest="handleValueHelp" >
				
				</Input>
				
						
		</l:HorizontalLayout>
			</Page>		
		
		
		
						
		</detailPages>
		
		<masterPages>
			<Page id="master" title="Patient Names" icon="sap-icon://action" class="sapUiStdPage">
				<subHeader>
					<Toolbar>
						<SearchField width="100%" />
					</Toolbar>
				</subHeader>
				<content>
					<List>
						<items>
							
							<StandardListItem id="Pat1" title="Patient 1" type="Navigation" press="onPressPatient" custom:to="detail1"/>
							<StandardListItem id="Pat2" title="Patient 2" type="Navigation" press="onPressPatient" custom:to="detail2"/>
							<StandardListItem id="Pat3" title="Patient 3" type="Navigation" press="onPressPatient" custom:to="detail3"/>
							<StandardListItem id="Pat4" title="Patient 4" type="Navigation" press="onPressPatient" custom:to="detail4"/>	
										
						</items>
					</List>
				</content>
			</Page>
		</masterPages>
	</SplitApp>
				</content>
			</Page>
		</pages>
	</App>
		<!-- </content>
		<footer>
			<Bar>
				<contentRight>
					<Button icon="sap-icon://refresh" id="btnRefresh" press="onBtnRefresh" text="Refresh"/>
					<Button enabled="true" id="btnadd" press="handleSavePress" text="Register New Patient" tooltip="Add" icon="sap-icon://add"></Button>
					
				</contentRight>
			</Bar>
		</footer>
	  </Page>   -->
</core:View>