<core:View
		xmlns:core="sap.ui.core"
		xmlns="sap.uxap"
		xmlns:layout="sap.ui.layout"
		xmlns:m="sap.m"
		xmlns:comp="sap.ui.comp.variants"
		xmlns:f="sap.ui.layout.form"
		xmlns:sample="sap.uxap.sample.ObjectPageOnJSON"
		xmlns:goals="sap.uxap.sample.SharedBlocks.goals"
		xmlns:personal="sap.uxap.sample.SharedBlocks.personal"
		xmlns:employment="sap.uxap.sample.SharedBlocks.employment"
		controllerName="codeblue.patientdetails"
		height="100%">
	<ObjectPageLayout id="ObjectPageLayout" showTitleInHeaderContent="true" showHeaderContent="true">
		<headerTitle>
			<ObjectPageHeader id="headerForTest"
							  headerDesign="Light"
							  objectTitle="Rowan Atkinson"
							  objectImageShape="Circle"
							  objectSubtitle="Manager, HCM"
							  objectImageURI=""
							  isObjectIconAlwaysVisible="false"
							  isObjectTitleAlwaysVisible="false"
							  isObjectSubtitleAlwaysVisible="false"
							  isActionAreaAlwaysVisible="true"
							  showPlaceholder="true">
				<navigationBar>
					<m:Bar>
						<m:contentLeft>
							<m:Button icon="sap-icon://nav-back"></m:Button>
						</m:contentLeft>
						<m:contentMiddle>
							<m:Text text="Employee Profile"/>
						</m:contentMiddle>
					</m:Bar>
				</navigationBar>
				<actions>
					<ObjectPageHeaderActionButton icon="sap-icon://tree" text="tree"/>
					<ObjectPageHeaderActionButton icon="sap-icon://action" text="action"/>
				</actions>
			</ObjectPageHeader>
		</headerTitle>
		<headerContent>
			<layout:VerticalLayout>
				<m:ObjectStatus title="Address" text="BLR.01, B2.023"/>
				<m:ObjectStatus title="Office phone" text="+91-90100-98100"/>
				<m:ObjectStatus title="Email" text="rowan@pic.com"/>
			</layout:VerticalLayout>
			<layout:HorizontalLayout>
				<m:Image width="21px" height="21px"
						 src="./test-resources/sap/uxap/images/linkedInIcon.png"/>
				<m:Image width="20px" height="20px"
						 src="./test-resources/sap/uxap/images/facebookIcon.png"/>
				<m:Image width="21px" height="21px"
						 src="./test-resources/sap/uxap/images/twitterIcon.png"/>
			</layout:HorizontalLayout>
			<m:ObjectStatus state="Success" icon="sap-icon://employee-approvals" text="Available"/>
			<layout:VerticalLayout>
				<m:Label text="Bangalore, India"/>
				<m:Label text="3:00 PM, Friday"/>
			</layout:VerticalLayout>
		</headerContent>
		<sections>
			<ObjectPageSection title="2014 Goals Plan">
				<subSections>
					<ObjectPageSubSection title=" ">
						<blocks>
							<goals:GoalsBlock id="goalsblock"/>
						</blocks>
					</ObjectPageSubSection>
				</subSections>
			</ObjectPageSection>

			<ObjectPageSection title="Personal">
				<subSections>
					<ObjectPageSubSection title="Connect">
						<blocks>
							<personal:BlockPhoneNumber id="phone"/>
							<personal:BlockSocial id="social"/>
							<personal:BlockAdresses id="adresses"/>
							<personal:BlockMailing id="mailing" columnLayout="1"/>
						</blocks>
					</ObjectPageSubSection>

					<ObjectPageSubSection id="paymentSubSection" title="Payment information">
						<blocks>
							<personal:PersonalBlockPart1 id="part1" columnLayout="1"/>
						</blocks>
						<moreBlocks>
							<personal:PersonalBlockPart2 id="part2" columnLayout="1"/>
						</moreBlocks>
					</ObjectPageSubSection>
				</subSections>
			</ObjectPageSection>
		</sections>
	</ObjectPageLayout>
</core:View>
