<core:View xmlns:core="sap.ui.core" xmlns:mvc="sap.ui.core.mvc" xmlns="sap.m"
xmlns:custom="http://schemas.sap.com/sapui5/extension/sap.ui.core.CustomData/1"
		displayBlock="true" xmlns:viz="sap.viz.ui5.controls"  xmlns:suite="sap.suite.ui.commons" xmlns:l="sap.ui.layout"
		controllerName="codeblue.Registration" xmlns:html="http://www.w3.org/1999/xhtml" 
		xmlns:smartForm="sap.ui.comp.smartform" xmlns:smartField="sap.ui.comp.smartfield" 
		xmlns:app="http://schemas.sap.com/sapui5/extension/sap.ui.core.CustomData/1" xmlns:f="sap.ui.layout.form">
		
	<!-- <Page backgroundDesign = "standard" >
	<customHeader>
			<Bar>
				<contentLeft>
					<Button icon="sap-icon://nav-back" id="btnBack" press="onBtnBack" />
				</contentLeft>
				<contentMiddle>
					<Label id="titleText" class="headingText" text="New Patient Registration" design = "Bold" />
				</contentMiddle>
				<contentRight>
				     <Button icon="sap-icon://home" id="btnHome" press="onBtnHome" text="Home"/>
				</contentRight>
			</Bar>
		</customHeader>
		<content> -->
		
		
		<VBox class="sapUiSmallMargin">
		<f:Form id="FormToolbar"
			editable="true"
			ariaLabelledBy="Title1">
			<f:toolbar>
				<Toolbar id="TB1">
					<Title id="Title1" text="Address" level="H4" titleStyle="H4"/>
					<ToolbarSpacer />
					<Button icon="sap-icon://settings"/>
					<Button icon="sap-icon://drop-down-list" />
				</Toolbar>
			</f:toolbar>
			<f:layout>
				<f:ResponsiveGridLayout />
			</f:layout>
			<f:formContainers>
				<f:FormContainer ariaLabelledBy="Title2">
					<f:toolbar>
						<Toolbar>
							<Title id="Title2" text="Office" level="H5" titleStyle="H5"/>
							<ToolbarSpacer />
							<Button icon="sap-icon://settings"/>
						</Toolbar>
					</f:toolbar>
					<f:formElements>
						<f:FormElement label="Name">
							<f:fields>
								<Input value="{SupplierName}" id="name"/>
							</f:fields>
						</f:FormElement>
						<f:FormElement label="Street">
							<f:fields>
								<Input value="{Street}" />
								<Input value="{HouseNumber}">
									<layoutData>
										<l:GridData span="L2 M2 S4" />
									</layoutData>
								</Input>
							</f:fields>
						</f:FormElement>
						<f:FormElement label="ZIP Code/City">
							<f:fields>
								<Input value="{ZIPCode}">
									<layoutData>
										<l:GridData span="L2 M2 S4" />
									</layoutData>
								</Input>
								<Input value="{City}" />
							</f:fields>
						</f:FormElement>
						<f:FormElement label="Country">
							<f:fields>
								<Select width="100%" id="country" selectedKey="{Country}">
									<items>
										<core:Item text="Germany" key="Germany"/>
										<core:Item text="USA" key="USA"/>
										<core:Item text="England" key="England"/>
									</items>
								</Select>
							</f:fields>
						</f:FormElement>
					</f:formElements>
				</f:FormContainer>
				<f:FormContainer ariaLabelledBy="Title3">
					<f:toolbar>
						<Toolbar>
							<Title id="Title3" text="Online" level="H5" titleStyle="H5"/>
							<ToolbarSpacer />
							<Button icon="sap-icon://settings"/>
						</Toolbar>
					</f:toolbar>
					<f:formElements>
						<f:FormElement label="Web">
							<f:fields>
								<Input value="{Url}" type="Url" id="url"/>
							</f:fields>
						</f:FormElement>
						<f:FormElement label="Twitter">
							<f:fields>
								<Input value="{Twitter}" id="twitter"/>
							</f:fields>
						</f:FormElement>
					</f:formElements>
				</f:FormContainer>
			</f:formContainers>
		</f:Form>
	</VBox>
		
		
		
		
		
		
		
		
		
		
		
		
		
		
		<!-- 
		  <l:MatrixLayout class="verticle_align_right" width="100%" coloumns ="2" >
		<l:content>
			<l:HorizontalLayout>
			  <Label text = "Name :" class = "margin_top_label"/>
			  <Input text = "Name :" width = "500px"/>
		</l:HorizontalLayout>
		
			<l:HorizontalLayout>
			  <Label text = "Email Id :" class = "margin_top_label"/>
			  <Input text = "Email_id :" width = "500px"/>
		</l:HorizontalLayout>
		
			<l:HorizontalLayout>
			  <Label text = "Contact Number :" class = "margin_top_label"/>
			  <Input text = "Contact number :" width = "500px"/>
		</l:HorizontalLayout>
		
			<l:HorizontalLayout>
			  <Label text = "Address :" class = "margin_top_label"/>
			  <Input text = "Address  :" width = "500px"/>
		</l:HorizontalLayout>
		
		
			<l:HorizontalLayout>
			  <Label text = "Date of Birth:" class = "margin_top_label"/>
			  <DatePicker  width = "500px"/>
		</l:HorizontalLayout>
		
		
			
		
		</l:content>
	</l:MatrixLayout> -->
	     
	<!-- 	</content>
	</Page> -->
</core:View>