<core:View controllerName="codeblue.Tile"
	xmlns="sap.m" xmlns:core="sap.ui.core"  xmlns:mvc="sap.ui.core.mvc"
	xmlns:suite="sap.suite.ui.commons">
	
	<Page title="Title" showHeader="true" enableScrolling="true" class="sapUiContentPadding" xmlns:m="sap.m">
	<customHeader>
			<Bar>
				<contentLeft>
					<Image src="./codeblue/img/SAP.jpg"></Image>
				</contentLeft>
				<contentMiddle>
					<Label id="titleText" class="headingText" text="Code Blue" design = "Bold" />
				</contentMiddle>
				<contentRight>
					<Button icon="sap-icon://log" id="btnLogOut" press="onBtnLogOut" text="LogOut"></Button>
				</contentRight>
			</Bar>
		</customHeader>

	<suite:GenericTile header="Program Management" size="S" frameType="TwoByOne"
		press="press" class ="margin_right">
		<suite:tileContent>
			<suite:TileContent unit="Programs" size="S">
				<suite:content>
					<suite:NumericContent size="S" scale="B" value="30"
						valueColor="Good" indicator="Up" />
				</suite:content>
			</suite:TileContent>
		</suite:tileContent>
	</suite:GenericTile>
	
	
	
	<suite:GenericTile header="Ptient Details" size="S" frameType="TwoByOne"
		press="Patient">
		<suite:tileContent>
			<suite:TileContent unit="Patients" size="S">
				<suite:content>
					<suite:NumericContent size="S" scale="B" value="30"
						valueColor="Good" indicator="Up" />
				</suite:content>
			</suite:TileContent>
		</suite:tileContent>
	</suite:GenericTile>
	</Page>
</core:View>
	