{
  "program": [{
        "Image": "./program/img/doctor1.jpg",
        "Name": "Dr. Harry",
        "Phone No": "8971503189"
       
    },
    {
	    "Image": "./program/img/doctor2.png",
        "Name": "Dr. Jack ",
        "Phone No": "8912345678"
    },
    {
	    "Image": "./program/img/doctor3.jpg",
        "Name": "Dr. Sophia",
        "Phone No": "8978765432"
	},
	{
		"Image": "./program/img/doctor4.jpg",
        "Name": "Dr. ISabella",
        "Phone No": "8975789087"
	},
	{
	   "Image": "./program/img/doctor6.jpg",
        "Name": "Dr. George",
        "Phone No": "8971267543"
    },
	{
	"Image": "./program/img/doctor7.jpg",
        "Name": "Dr. William",
        "Phone No": "8924356791"
				
    }]
	}