{
  "program": [
     {
        "time": "11:01:05",
        "value": 70,
        "cardiacrange": 165
      },
      {
        "time": "11:05:08",
        "value": 74,
        "cardiacrange": 165
      },
      {
        "time": "11:10:10",
        "value": 70,
        "cardiacrange": 165
      },
      {
        "time": "11:15:13",
        "value": 86,
        "cardiacrange": 165
      },
      {
        "time": "11:20:16",
        "value": 70,
        "cardiacrange": 165
      },
      {
        "time": "11:30:19",
        "value": 70,
        "cardiacrange": 165
      },
      {
        "time": "11:38:22",
        "value": 74,
        "cardiacrange": 165
      },
      {
        "time": "11:45:23",
        "value": 86,
        "cardiacrange": 165
      },
      {
        "time": "11:50:24",
        "value": 94,
        "cardiacrange": 165
      },
      {
        "time": "11:55:25",
        "value": 94,
        "cardiacrange": 165
      },
      {
        "time": "12:08:28",
        "value": 94,
        "cardiacrange": 165
      },
      {
        "time": "12:18:31",
        "value": 94,
        "cardiacrange": 165
      },
      {
        "time": "12:32:34",
        "value": 94,
        "cardiacrange": 165
      },
      {
        "time": "12:38:37",
        "value": 94,
        "cardiacrange": 165
      },
      {
        "time": "12:45:38",
        "value": 60,
        "cardiacrange": 165
      },
      {
        "time": "12:55:39",
        "value": 59,
        "cardiacrange": 165
      },
      {
        "time": "01:05:40",
        "value": 58,
        "cardiacrange": 165
      },
      {
        "time": "01:16:42",
        "value": 58,
        "cardiacrange": 165
      },
      {
        "time": "01:25:45",
        "value": 58,
        "cardiacrange": 165
      },
      {
        "time": "01:38:48",
        "value": 58,
        "cardiacrange": 165
      },
      {
        "time": "01:45:50",
        "value": 59,
        "cardiacrange": 165
      },
      {
        "time": "01:50:51",
        "value": 59,
        "cardiacrange": 165
      },
      {
        "time": "02:00:53",
        "value": 60,
        "cardiacrange": 165
      },
      {
        "time": "02:15:56",
        "value": 60,
        "cardiacrange": 165
      },
      {
        "time": "02:28:59",
        "value": 60,
        "cardiacrange": 165
      },
      {
        "time": "02:35:02",
        "value": 59,
        "cardiacrange": 165
      },
      {
        "time": "02:45:05",
        "value": 59,
        "cardiacrange": 165
      },
      {
        "time": "02:55:06",
        "value": 58,
        "cardiacrange": 165
      },
      {
        "time": "03:02:07",
        "value": 57,
        "cardiacrange": 165
      },
      {
        "time": "03:14:09",
        "value": 56,
        "cardiacrange": 165
      },
      {
        "time": "03:25:11",
        "value": 55,
        "cardiacrange": 165
      },
      {
        "time": "03:30:14",
        "value": 54,
        "cardiacrange": 165
      },
      {
        "time": "03:45:17",
        "value": 54,
        "cardiacrange": 165
      },
      {
        "time": "03:50:20",
        "value": 54,
        "cardiacrange": 165
      },
      {
        "time": "04:02:23",
        "value": 54,
        "cardiacrange": 165
      },
      {
        "time": "04:10:26",
        "value": 54,
        "cardiacrange": 165
      },
      {
        "time": "04:15:28",
        "value": 53,
        "cardiacrange": 165
      },
      {
        "time": "04:20:31",
        "value": 53,
        "cardiacrange": 165
      },
      {
        "time": "04:25:32",
        "value": 54,
        "cardiacrange": 165
      },
      {
        "time": "04:30:33",
        "value": 54,
        "cardiacrange": 165
      },
      {
        "time": "04:37:36",
        "value": 54,
        "cardiacrange": 165
      },
      {
        "time": "04:45:39",
        "value": 54,
        "cardiacrange": 165
      },
      {
        "time": "04:55:42",
        "value": 54,
        "cardiacrange": 165
      },
      {
        "time": "05:02:45",
        "value": 54,
        "cardiacrange": 165
      },
      {
        "time": "05:07:48",
        "value": 54,
        "cardiacrange": 165
      },
      {
        "time": "05:17:51",
        "value": 54,
        "cardiacrange": 165
      },
      {
        "time": "05:24:54",
        "value": 54,
        "cardiacrange": 165
      },
      {
        "time": "05:34:55",
        "value": 55,
        "cardiacrange": 165
      },
      {
        "time": "05:56:56",
        "value": 55,
        "cardiacrange": 165
      },
      {
        "time": "06:02:59",
        "value": 55,
        "cardiacrange": 165
      },
      {
        "time": "06:03:02",
        "value": 55,
        "cardiacrange": 165
      },
      {
        "time": "06:14:05",
        "value": 55,
        "cardiacrange": 165
      },
      {
        "time": "06:24:08",
        "value": 55,
        "cardiacrange": 165
      },
      {
        "time": "06:35:11",
        "value": 55,
        "cardiacrange": 165
      },
      {
        "time": "07:03:14",
        "value": 55,
        "cardiacrange": 165
      },
      {
        "time": "07:25:17",
        "value": 55,
        "cardiacrange": 165
      },
      {
        "time": "07:30:18",
        "value": 54,
        "cardiacrange": 165
      },
      {
        "time": "07:34:21",
        "value": 53,
        "cardiacrange": 165
      },
      {
        "time": "07:45:23",
        "value": 52,
        "cardiacrange": 165
      },
      {
        "time": "08:00:26",
        "value": 52,
        "cardiacrange": 165
      },
      {
        "time": "08:14:29",
        "value": 52,
        "cardiacrange": 165
      },
      {
        "time": "08:24:32",
        "value": 52,
        "cardiacrange": 165
      },
      {
        "time": "08:45:35",
        "value": 52,
        "cardiacrange": 165
      },
      {
        "time": "08:55:38",
        "value": 51,
        "cardiacrange": 165
      },
      {
        "time": "09:03:41",
        "value": 51,
        "cardiacrange": 165
      },
      {
        "time": "09:24:44",
        "value": 51,
        "cardiacrange": 165
      },
      {
        "time": "09:35:47",
        "value": 51,
        "cardiacrange": 165
      },
      {
        "time": "09:45:49",
        "value": 51,
        "cardiacrange": 165
      },
      {
        "time": "09:55:52",
        "value": 51,
        "cardiacrange": 165
      },
      {
        "time": "10:03:55",
        "value": 52,
        "cardiacrange": 165
      },
      {
        "time": "10:16:56",
        "value": 52,
        "cardiacrange": 165
      },
      {
        "time": "10:26:59",
        "value": 52,
        "cardiacrange": 165
      },
      {
        "time": "10:36:01",
        "value": 53,
        "cardiacrange": 165
      },
      {
        "time": "10:46:03",
        "value": 54,
        "cardiacrange": 165
      },
      {
        "time": "10:56:06",
        "value": 54,
        "cardiacrange": 165
      },
      {
        "time": "11:04:07",
        "value": 54,
        "cardiacrange": 165
      },
      {
        "time": "11:23:10",
        "value": 54,
        "cardiacrange": 165
      },
      {
        "time": "11:33:13",
        "value": 54,
        "cardiacrange": 165
      },
      {
        "time": "11:43:14",
        "value": 55,
        "cardiacrange": 165
      },
      {
        "time": "11:45:17",
        "value": 55,
        "cardiacrange": 165
      },
      {
        "time": "11:54:19",
        "value": 56,
        "cardiacrange": 165
      },
      {
        "time": "11:57:22",
        "value": 56,
        "cardiacrange": 165
      }]
}

