{
  "program": [{
        "Id": "01",
        "Name": "Ruby",
        "Phone No": "9770123878",
		"Device Name": "CodeBlue Device Status",
		"Status": "Issued"
       
    },
    {
	    "Id": "02",
	    "Name": "Scarllet",
        "Phone No": "9712345674",
		"Device Name": "CodeBlue Device Status",
		"Status": "Issued"
    },
    {
	    "Id": "03",
	    "Name": "Jake",
        "Phone No": "9900034567",
		"Device Name": "CodeBlue Device Status",
		"Status": "Not Issued"
	},
	{
	    "Id": "04",
		"Name": "Joseph",
        "Phone No": "9876534281",
		"Device Name": "CodeBlue Device Status",
		"Status": "Not Issued"
	},
	{
	    "Id": "05",
	    "Name": "Henry",
        "Phone No": "9263497652",
		"Device Name": "CodeBlue Device Status",
		"Status": "Issued"
    },
	{
	    "Id": "06",
	    "Name": "Daisy",
        "Phone No": "8932561189",
		"Device Name": "CodeBlue Device Status",
		"Status": "Not Issued"
    }]
	}