<core:View xmlns:core="sap.ui.core" xmlns:mvc="sap.ui.core.mvc" xmlns="sap.m"
		controllerName="program.DoctorPatient" xmlns:html="http://www.w3.org/1999/xhtml">
	<Page title="CodeBlue Patients">
	<customHeader>
			<Bar>
				<contentLeft>
					<Image src="./program/img/SAP.jpg"></Image>
				</contentLeft>
				<contentMiddle>
				<Image src="img/cblue.jpg" class="codebluelogo"></Image>
				</contentMiddle>
			</Bar>
		</customHeader>
		<Page
		id="doctorPatientPage"
		title="Patient Details"
		showNavButton="true"
		navButtonPress="onNavBack"
		class="sapUiResponsiveContentPadding">
		<content>
		<List
		id="PatientsList"
		items="{/value}"
		headerText="Patients Enrolled and Device Status">
		<items>
			<ObjectListItem
				title="{Patient_Id}"
				type="Active"
				press="onListItemPress"
				>
				<firstStatus>
					<ObjectStatus
						text="{Device_Status}"
						state="{
							path: './program/Formatter.js',
							formatter: 'program.Formatter.status'
						}" />
				</firstStatus>
				<attributes>
					<ObjectAttribute text="{Name}" />
					<ObjectAttribute text="{Contact_Number}" />
				</attributes>
			</ObjectListItem>
		</items>
	</List>
		</content>
		</Page>
		</Page>
		</core:View>