<core:View xmlns:core="sap.ui.core" xmlns:mvc="sap.ui.core.mvc" xmlns="sap.m"
		controllerName="program.Login" xmlns:html="http://www.w3.org/1999/xhtml">
	<Page title="CodeBlue Login">
	<customHeader>
			<Bar>
				<contentLeft>
					<Image src="./program/img/SAP.jpg"></Image>
				</contentLeft>
				<contentMiddle>
					<Image src="img/cblue.jpg" class="codebluelogo"></Image>
				</contentMiddle>
			</Bar>
		</customHeader>
		<content>
<!--	<Panel id="panel1" expandable="false" expanded="true" visible="true"
				class="sapUiResponsiveMargin" width="auto">-->
				<HBox class="settingBottomStyle" width="auto">
					<HBox id="HB-1" class="HBoxStyle">
						<VBox id="BX-1" class="boxPosition" width="900px">
							<Image src="./program/img/codeBlue.jpg" width = "50%"/>
					</VBox>
					<VBox id="BX-2" class="boxPosition" width="410px">
					    <Label text=""></Label>
						<Label text=""></Label>
						<Label id ="logintext" class="titleText" text = "Login" design = "Bold" ></Label>
						<Label text=""></Label>
						<Input id="Login_emailId" class="sapUiSmallMarginBottom" type="Text" placeholder="Email address" enabled="true" editable="true" width = "95%"></Input>
						<Input id="Login_pwd" class="sapUiContentPadding" type="Password" placeholder="Enter password" enabled="true" editable="true" width = "95%"></Input>
						<Label text=""></Label>
						<Label text=""></Label>
						<Button id="Login_loginbutton" text="Login" press="LoginToTileDetails" type="Emphasized"/>
					</VBox>
				</HBox>
				</HBox>
			<!--</Panel>-->
		</content>
	</Page>
</core:View>