<core:View xmlns:core="sap.ui.core" xmlns:mvc="sap.ui.core.mvc" xmlns="sap.m"
xmlns:custom="http://schemas.sap.com/sapui5/extension/sap.ui.core.CustomData/1"
		displayBlock="true" xmlns:viz="sap.viz.ui5.controls"  xmlns:suite="sap.suite.ui.commons" xmlns:l="sap.ui.layout"
		controllerName="program.OverAllAnalysis" xmlns:html="http://www.w3.org/1999/xhtml">
	<Page title="Title">
	<customHeader>
			<Bar>
				<contentLeft>
					<Image src="./program/img/SAP.jpg"></Image>
				</contentLeft>
				<contentMiddle>
					<Image src="img/cblue.jpg" class="codebluelogo"></Image>
				</contentMiddle>
			</Bar>
		</customHeader>
		<content>
		<!-- <l:FixFlex id="idFixFlex" class="fixFlexFixedSize"
				minFlexSize="250">
				Below is the setting panel
				<l:fixContent> -->
				<VBox>
					<Panel id="PN-1" class="panelStyle" expandable="true"
						expanded="false" headerText="Settings">
						<ScrollContainer class="scrollStyle" height="100%"
							width="100%" horizontal="true" vertical="false" focusable="false">
							<HBox class="settingBottomStyle" width="auto">
								<HBox id="HB-1" class="HBoxStyle">
									<VBox id="BX-1" class="boxPosition" width="110px">
										 <Label text="Dataset" class="sapUiSmallMarginTop labelStyle"
											design="Bold" />
										<RadioButton class="buttonPosition" id="RB1-11"
											groupName="line-group1" text="Small" />
										<RadioButton class="buttonPosition" id="RB1-22"
											groupName="line-group1" text="Medium" selected="true" />
										<RadioButton class="buttonPosition bottomButtonStyle"
											id="RB1-33" groupName="line-group1" text="Large" /> 
									</VBox>
									<VBox id="BX-2" class="boxPosition" width="110px">
										<Label text="Series" class="sapUiSmallMarginTop labelStyle"
											design="Bold" />
										<RadioButton class="buttonPosition" id="RB2-1"
											groupName="line-group2" text="1 Series" selected="true" />
										<RadioButton class="buttonPosition bottomButtonStyle"
											id="RB2-2" groupName="line-group2" text="2 Series" />
									</VBox>
									<VBox id="BX-3" class="boxPosition" width="110px">
										<Label text="Value Label" class="sapUiSmallMarginTop labelStyle"
											design="Bold" />
										<Switch id="SW-1" class="switchPosition" state="true"
											customTextOn="ON" customTextOff="OFF"></Switch>
									</VBox>
									<VBox width="90px">
										<Label text="Axis Title" class="sapUiSmallMarginTop labelStyle"
											design="Bold" />
										<Switch id="SW-2" class="switchPosition" state="false"
											customTextOn="ON" customTextOff="OFF"></Switch>
									</VBox>
								</HBox>
							</HBox>
						</ScrollContainer>
					</Panel>
				<!-- </l:fixContent> -->
				<!--Above is the setting panel -->
				<!--Below is the chart area -->
				<!-- <l:flexContent> -->
				<Panel id="panelid">
					<viz:Popover id="idPopOver"></viz:Popover>
					<viz:VizFrame id="idVizFrameLine" uiConfig="{applicationSet:'fiori'}"
						height="25rem" width="100%"></viz:VizFrame>
				<!-- </l:flexContent> -->
				</Panel>
				<!--Above is the chart area -->
			<!-- </l:FixFlex> -->
				   </VBox>
		</content>
		<footer>
			<Bar>
				<contentRight>
					<!-- <Button icon="sap-icon://refresh" id="btnRefresh" press="onBtnRefresh" text="Refresh"/>
					<Button enabled="false" id="btnDelete" press="handleDeletePress" text="Delete" tooltip="Delete"></Button> -->
					<Button id="back" text="Back" enabled="true"  press="handleBackPress" tooltip="Back" />
				</contentRight>
			</Bar>
		</footer>
		</Page>
		</core:View>
		