<core:View xmlns:core="sap.ui.core" xmlns:mvc="sap.ui.core.mvc" xmlns="sap.m" xmlns:l="sap.ui.layout"
		controllerName="program.Param" xmlns:html="http://www.w3.org/1999/xhtml" xmlns:f="sap.ui.layout.form"
	busyIndicatorDelay="0">
		<Page title="CodeBlue Parameters">
	<customHeader>
			<Bar>
				<contentLeft>
					<Image src="./program/img/SAP.jpg"></Image>
				</contentLeft>
				<contentMiddle>
					<Image src="img/cblue.jpg" class="codebluelogo"></Image>
				</contentMiddle>
			</Bar>
		</customHeader>
		<Page
		id="parameterPage"
		title="Parameters Values"
		showNavButton="true"
		navButtonPress="onNavBack"
		class="sapUiResponsiveContentPadding">
		<content>
			<Panel
				id="parameterPanel"
				width="auto"
				class="sapUiResponsiveMargin sapUiNoContentPadding">
				<headerToolbar>
					<Toolbar>
						<Title level="H2"/>
						<ToolbarSpacer />
					</Toolbar>
				</headerToolbar>
				<content>
					<f:SimpleForm
					    id="form"
						minWidth="1024"
						editable="false"
						layout="ResponsiveGridLayout"
						labelSpanL="3" labelSpanM="3" emptySpanL="4" emptySpanM="4"
						columnsL="1" columnsM="1">
						<f:content >
							<Label id="name" text="Parameter Name" />
							<Text text="{/Parameter Name}"/>
							<Label id="weightage" text="Weightage" />
							<Text text="{/Weightage}" />
							
						</f:content>
					</f:SimpleForm>
					<!--<l:VerticalLayout class="sapUiContentPadding">
					<Text text=""/>
					<RangeSlider range="{/RS1}" min="45" max="" width="80%" class="sapUiSmallMarginBottom"/>
					<RangeSlider range="{/RS2}" min="" max="" width="" class="sapUiSmallMarginBottom"/>
					
					</l:VerticalLayout>-->
				</content>
			</Panel>
		</content>
	</Page>
		</Page>
		</core:View>