<core:View xmlns:core="sap.ui.core" xmlns:mvc="sap.ui.core.mvc" xmlns="sap.m"
xmlns:custom="http://schemas.sap.com/sapui5/extension/sap.ui.core.CustomData/1"
		displayBlock="true" xmlns:viz="sap.viz.ui5.controls"   xmlns:l="sap.ui.layout"
		controllerName="program.program" xmlns:html="http://www.w3.org/1999/xhtml" 
		xmlns:smartForm="sap.ui.comp.smartform" xmlns:smartField="sap.ui.comp.smartfield" class="sapUiSizeCompact"
		xmlns:app="http://schemas.sap.com/sapui5/extension/sap.ui.core.CustomData/1" xmlns:f="sap.ui.layout.form" xmlns:m="sap.m" 
			>
			
<html:style>
      .RangeButton
{
    position: fixed;
    left: 43rem;
    width: 6rem;
    top: 42rem;
}
.DoctorsButton{
     position: fixed;
    left: 43rem;
    width: 6rem;
    top: 34rem;
}
.imgBackground{
position: fixed;
  top: 50%;
  left: 50%;
  margin-top: -50px;
  margin-left: 30px;
}

.font {
	font-size: 1.4rem;
	color  : #4f2882;
}
</html:style>
		
	<Page title="Title" showHeader="true" enableScrolling="true" class="sapUiContentPadding"> 
	<customHeader>
			<Bar>
				<contentLeft>
					<Image src="./program/img/SAP.jpg"></Image>
				</contentLeft>
				<contentMiddle>
				<Image src="img/cblue.jpg" class="codebluelogo"></Image>
				</contentMiddle>
				<contentRight>
				     <Button icon="sap-icon://home" id="btnHome" press="onBtnHome" text="Home"/>
				</contentRight>
			</Bar>
		</customHeader>
		<content>
	<App>
		<pages>
			<Page title="{i18n>Code Blue}">
				<content>
			
				<SplitApp id="SplitAppDemo" initialDetail="initial" initialMaster="master" orientationChange="onOrientationChange">
		<detailPages>
		     
			<Page id="detail" title="{Name}" class="sapUiStdPage">
				<content>
					<IconTabBar
		id="idIconTabBarMulti"
		expanded="{device>/isNoPhone}"
		class="sapUiResponsiveContentPadding"
		select="handleIconTabBarSelect">
		<items>
		<IconTabFilter
			    class="iconTabBarText"
				icon="sap-icon://hint"
				text="About"
				key="editAbout">
				<VBox>
				    <Text text = "Postoperative care refers to the care you receive following a surgical procedure. 
This may include pain management and wound care. The type of postoperative care you require depends on the type of surgery you have.
Postoperative care begins immediately after surgery, for the duration of your hospital stay, and may continue after your discharge from the hospital. 
Part of postoperative care is awareness of the potential side effects and complications of your procedure.
" class="font" />
<Text text=" "/>
  <Button text="Post Surgical Programmes" class="font" icon="sap-icon://menu2" press="onCollapseExpandPress"/>
 <List id="programmesList" headerText="" >
					   
					    <items>
					    <StandardListItem title="Post Cardiac Surgery"
					
					    iconDensityAware="true" 
					    iconInset="false" 
					    type="Active" > 
					    
					    </StandardListItem>
					    <StandardListItem title="Post Neuro Surgery"
					
					    iconDensityAware="true" 
					    iconInset="false" 
					    type="Active" > 
					    
					    </StandardListItem>
					    <StandardListItem title="Post Endocrine Surgery"
					
					    iconDensityAware="true" 
					    iconInset="false" 
					    type="Active" > 
					    
					    </StandardListItem>
					    <StandardListItem title="Post Orthopedic Surgery"
					
					    iconDensityAware="true" 
					    iconInset="false" 
					    type="Active" > 
					    
					    </StandardListItem>
					    </items>
					   
					    </List>
				</VBox>
				
				</IconTabFilter>
			<!--<IconTabFilter
			    class="iconTabBarText"
				icon="sap-icon://line-chart"
				text="Analysis"
				key="editAnalysis">-->
				<!-- <l:FixFlex id="idFixHeart" class="fixHeartFixedSize"
				minHeartSize="250">
				Below is the setting panel
				<l:fixContent> -->
				<!--<VBox>
					<Panel id="PN-1" class="panelStyle" expandable="true"
						expanded="false" headerText="Settings">
						<ScrollContainer class="scrollStyle" height="100%"
							width="100%" horizontal="true" vertical="false" focusable="false">
							<HBox class="settingBottomStyle" width="auto">
								<HBox id="HB-1" class="HBoxStyle">
									<VBox id="BX-1" class="boxPosition" width="110px">
										 <Label text="Dataset" class="sapUiSmallMarginTop labelStyle"
											design="Bold" />
										<RadioButton class="buttonPosition" id="RB1-11"
											groupName="line-group1" text="Small" />
										<RadioButton class="buttonPosition" id="RB1-22"
											groupName="line-group1" text="Medium" selected="true" />
										<RadioButton class="buttonPosition bottomButtonStyle"
											id="RB1-33" groupName="line-group1" text="Large" /> 
									</VBox>
									<VBox id="BX-2" class="boxPosition" width="110px">
										<Label text="Series" class="sapUiSmallMarginTop labelStyle"
											design="Bold" />
										<RadioButton class="buttonPosition" id="RB2-1"
											groupName="line-group2" text="1 Series" selected="true" />
										<RadioButton class="buttonPosition bottomButtonStyle"
											id="RB2-2" groupName="line-group2" text="2 Series" />
									</VBox>
									<VBox id="BX-3" class="boxPosition" width="110px">
										<Label text="Value Label" class="sapUiSmallMarginTop labelStyle"
											design="Bold" />
										<Switch id="SW-1" class="switchPosition" state="true"
											customTextOn="ON" customTextOff="OFF"></Switch>
									</VBox>
									<VBox width="110px">
										<Label text="Axis Title" class="sapUiSmallMarginTop labelStyle"
											design="Bold" />
										<Switch id="SW-2" class="switchPosition" state="false"
											customTextOn="ON" customTextOff="OFF"></Switch>
									</VBox>
									
								</HBox>
							</HBox>
						</ScrollContainer>
					</Panel>-->
				<!-- </l:fixContent> -->
				<!--Above is the setting panel -->
				<!--Below is the chart area -->
				<!-- <l:HeartContent> -->
			<!--	<Panel id="panelid">
					<viz:Popover id="idPopOver"></viz:Popover>
					<viz:VizFrame   id="idVizFrameLine" uiConfig="{applicationSet:'fiori'}" ></viz:VizFrame>-->
				<!-- </l:flexContent> -->
			<!--	</Panel>-->
				<!--Above is the chart area -->
			<!-- </l:FixFlex> -->
				   <!--</VBox>-->
					<!--</IconTabFilter>-->
					<IconTabFilter
			    class="iconTabBarText"
				icon="sap-icon://action-settings"
				text="Parameters"
				key="editParameter">
					    <Label id ="param" class="titleText" text = "Parameters" design = "Bold" ></Label>
						<Label text=""></Label>
					    <VBox id="vid" items="{/value}">
					   
			    
					     <items>
				         
					    <Panel expandable="true" expanded="true" class="panelStyle" headerText="{Param_Name}">
					    <content>
					      <Label text=""></Label>
					     <RangeSlider id="range" range="{Range}" min="{S_Min_Value}" max="{S_Max_Value}" width="100%" class="sapUiSmallMarginBottom" change="onChange"></RangeSlider> 
					 
					     </content>
					    </Panel>
					
					    </items>
					     
					    </VBox>
					    <Button enabled="true" id="btnAdd" class="RangeButton" press="handleAddParameter" tooltip="Add" icon="sap-icon://add"></Button>
					    
					 <!-- </VBox> --> 
				
			</IconTabFilter>
			<IconTabFilter class="iconTabBarText"
				icon="sap-icon://doctor"
				text="Doctors Assigned"
				key="editDoctor">
					<List id="doctorsList" headerText="Doctors Assigned" items="{/d/results}" >
					   
					    <items>
					    <StandardListItem title="{Name}"
					    description="{Contact_Number}"
					    icon="{DOCTORURI}"
					    iconDensityAware="true" 
					    iconInset="false" 
					    type="Navigation" 
					    press="onDoctorsListPressed"> 
					    
					    </StandardListItem>
					    </items>
					   
					    </List>
					    <Button enabled="true" id="btnAdd1" press="handleAddDoctor" tooltip="Add" icon="sap-icon://add" class="DoctorsButton"></Button>
					</IconTabFilter>
					</items>
					</IconTabBar>
					
				</content>
			</Page>
			<Page id="detailDetail" title="{Name}" class="sapUiStdPage" showNavButton="true"
				  navButtonText="Back" navButtonPress="onPressDetailBack">
				<content>
					<!-- <VBox class="sapUiSmallMargin">
						<Label text="This is Detail Page2" />
						<Text text="Here you could change the Split Application mode. After the mode change, resize the browser window to see the difference in the master form behaviour." />
						<RadioButtonGroup columns="1" width="500px" class="sapUiMediumMarginBottom" select="onPressModeBtn">
							<buttons>
								<RadioButton id="RB1-1" text="show/hide" selected="true" custom:splitAppMode="ShowHideMode" />
								<RadioButton id="RB1-2" text="stretch/compress" custom:splitAppMode="StretchCompressMode" />
								<RadioButton id="RB1-3" text="hide" custom:splitAppMode="HideMode" />
								<RadioButton id="RB1-4" text="popover" custom:splitAppMode="PopoverMode" />
							</buttons>
						</RadioButtonGroup>
					</VBox> -->
				</content>
			</Page>
			<Page id="detail2" title="Alzeimer Patient Monitoring" class="sapUiStdPage" showNavButton="false"
				  navButtonText="Back" navButtonPress="onPressDetailBack">

				<content>
					<!-- <Label text="This is Detail Page3" />
					<Input/>
					<Label text="Label 2" />
					<Input/>
					<Label text="Label 3" />
					<Input/>
					<Label text="Label 4" />
					<Input/>
					<Label text="Label 5" />
					<Input/> -->
				</content>
			</Page>
			<Page id="initial" title="Programmes">
			<content>
			<Image src="./program/img/background.jpg" class="imgBackground"></Image>
			</content>
			</Page>
		</detailPages>
		<masterPages>
			<Page id="master" title="Programmes" icon="sap-icon://action" class="sapUiStdPage">
				<content>
					<List>
						<items>
							<StandardListItem title="Post Surgery Monitoring" type="Navigation" press="onPressGoToMaster"/>
							<StandardListItem title="Alzeimer Patient Monitoring" type="Navigation" press="onPressProgram" custom:to="detail2"/>	
						</items>
					</List>
				</content>
			</Page>
			<Page id="master2" title="" icon="sap-icon://action" class="sapUiStdPage" showNavButton="true"
				  navButtonPress="onPressMasterBack">
				<content>
					<List id="d" itemPress="onListItemPress" items="{/d/results}">
						<items>
							<StandardListItem title="{Name}" type="Active" custom:to="detail"/>
						<!--	<StandardListItem title="Post Neuro Surgery Monitoring" type="Active" custom:to="detailDetail"/>-->
							<!-- <StandardListItem title="" type="Active" custom:to="detail2"/> -->
						</items>
					</List>
				</content>
			</Page>
		</masterPages>
	</SplitApp>
				</content>
			</Page>
		</pages>
	</App>
		</content>
		<footer>
	<!--	<OverflowToolbar id="otbFooter">-->
		 <!-- <ToolbarSpacer/> -->
		
			 <Bar> 
				 <contentRight>  
				 			<!-- <Button icon="sap-icon://refresh" id="btnRefresh" press="onBtnRefresh" text="Refresh"/> -->
					<!-- <Button enabled="false" id="btnSave" press="handleSavePress" text="Save" tooltip="Save" icon="sap-icon://save"></Button>
					<Button enabled="false" id="btnAdd" press="handleAddPress" text="Add" tooltip="Add" icon="sap-icon://add"></Button> -->
 					<Button id="realtime" text="OverAll Analysis" type="Emphasized" icon="sap-icon://line-chart" press="handleRealTimePress">
 				<!-- <layoutData><OverflowToolBarLayoutData moveToOverflow="false"/></layoutData>  -->
 					</Button>
				 </contentRight> 
			 </Bar>  
				<!--	</OverflowToolbar>-->
			
		</footer>
	  </Page>  
</core:View>