<core:View controllerName="program.Tile"
	xmlns="sap.m" xmlns:core="sap.ui.core"  xmlns:mvc="sap.ui.core.mvc"
	xmlns:suite="sap.suite.ui.commons">

	<Page title="Title" showHeader="true" enableScrolling="true" class="sapUiContentPadding" xmlns:m="sap.m">
	<customHeader>
			<Bar>
				<contentLeft>
					<Image src="./program/img/SAP.jpg"></Image>
				</contentLeft>
				<contentMiddle>
			<Image src="img/cblue.jpg" class="codebluelogo"></Image>
				</contentMiddle>
				<contentRight>
				
					<Button icon="sap-icon://log" id="btnLogOut" press="onBtnLogOut" text="LogOut"></Button>
				</contentRight>
				
			</Bar>
			
		</customHeader>
     
	<suite:GenericTile header="Program Management" size="S" frameType="OneByOne" class="program"
		press="press">
		<suite:tileContent>
			<suite:TileContent unit="Programs" size="S">
				<suite:content>
					<suite:NumericContent size="S" scale="B" value="3"
						valueColor="Good" indicator="Up" />
				</suite:content>
			</suite:TileContent>
		</suite:tileContent>
	</suite:GenericTile>
	
		<suite:GenericTile id= "generic" header="Notifications" size="S" frameType="OneByOne" class="notification"
		press="notifications">
		<suite:tileContent>
			<suite:TileContent unit="count" size="S">
				<suite:content>
					<suite:NumericContent id="temp" size="S" scale="B" 
						valueColor="Good" indicator="Up" />
				</suite:content>
			</suite:TileContent>
		</suite:tileContent>
	</suite:GenericTile>
	
	<suite:GenericTile header="Patient Details" size="S" frameType="OneByOne" class="patient"
		press="Patient">
		<suite:tileContent>
			<suite:TileContent unit="Patients" size="S">
				<suite:content>
					<suite:NumericContent size="S" scale="B" value="10"
						valueColor="Good" indicator="Up" />
				</suite:content>
			</suite:TileContent>
		</suite:tileContent>
	</suite:GenericTile>
	</Page>
</core:View>
	